image,category
2823080.jpg,1
2870024.jpg,1
2662125.jpg,2
2900420.jpg,3
2804883.jpg,2
621252.jpg,4
2833467.jpg,1
2843780.jpg,5
2859567.jpg,3
2896557.jpg,1
2847618.jpg,3
2874678.jpg,3
2903279.jpg,3
2892401.jpg,1
2891158.jpg,2
2896519.jpg,5
2870078.jpg,1
2845743.jpg,5
2692646.jpg,2
2839660.jpg,5
2868091.jpg,3
2812909.jpg,1
2862039.jpg,1
2890672.jpg,3
2874072.jpg,1
2785048.jpg,2
683110.jpg,2
2877843.jpg,3
2872097.jpg,1
2710618.jpg,4
1414706.jpg,4
2839562.jpg,1
2896605.jpg,5
2845690.jpg,1
947703.jpg,2
2816830.jpg,5
2845772.jpg,5
2904591.jpg,5
2880224.jpg,1
2653226.jpg,4
2809869.jpg,2
2819017.jpg,1
2849471.jpg,2
2819587.jpg,2
2843653.jpg,5
2818966.jpg,5
2408177.jpg,2
2899497.jpg,3
2560213.jpg,2
2849863.jpg,1
2810838.jpg,5
2838423.jpg,3
2100454.jpg,2
2853175.jpg,2
2876167.jpg,1
2871813.jpg,3
2851790.jpg,5
2818930.jpg,1
2874053.jpg,1
2876183.jpg,1
2823086.jpg,1
2860029.jpg,1
726233.jpg,4
2888438.jpg,5
2883236.jpg,2
926720.jpg,4
2868090.jpg,1
2849907.jpg,5
2784260.jpg,1
427198.jpg,2
2708313.jpg,2
2839607.jpg,1
2780186.jpg,5
2810797.jpg,5
2856035.jpg,1
2890472.jpg,1
2874131.jpg,1
2814818.jpg,5
2858387.jpg,3
2882634.jpg,3
2868070.jpg,1
2843620.jpg,1
2826503.jpg,2
2784262.jpg,1
2886354.jpg,1
2795534.jpg,2
2886392.jpg,5
2870007.jpg,1
2829413.jpg,5
1016683.jpg,4
596100.jpg,4
2814996.jpg,1
1689409.jpg,2
2866014.jpg,5
772038.jpg,4
2876171.jpg,1
2831292.jpg,5
626291.jpg,2
2859018.jpg,3
2835497.jpg,1
2807372.jpg,2
2904596.jpg,5
2904607.jpg,1
2896576.jpg,1
2843637.jpg,5
2796383.jpg,5
2872156.jpg,1
2858495.jpg,3
2845740.jpg,5
1812565.jpg,2
2884328.jpg,1
893657.jpg,4
2684829.jpg,2
2749032.jpg,2
2882236.jpg,5
2812877.jpg,1
2855047.jpg,3
2882239.jpg,5
2806636.jpg,1
2887547.jpg,3
2289001.jpg,4
2868547.jpg,3
2874228.jpg,3
2669739.jpg,2
2758346.jpg,4
2898538.jpg,5
2717310.jpg,4
1127335.jpg,2
2818935.jpg,1
2857969.jpg,5
2864141.jpg,1
620619.jpg,4
2894798.jpg,3
2855922.jpg,1
2899830.jpg,3
2843612.jpg,1
1798675.jpg,4
2864145.jpg,1
673332.jpg,4
2874073.jpg,1
2818130.jpg,2
2707650.jpg,2
2810767.jpg,1
2841685.jpg,1
2872130.jpg,1
2880297.jpg,1
2825610.jpg,2
2104262.jpg,4
2511206.jpg,2
2844371.jpg,3
2841656.jpg,1
2827293.jpg,1
2860023.jpg,1
2894495.jpg,5
1243720.jpg,4
2279535.jpg,4
2885111.jpg,3
2380197.jpg,4
2782179.jpg,1
2092105.jpg,2
2558839.jpg,4
2857705.jpg,3
2868016.jpg,5
2279384.jpg,2
1617460.jpg,4
2589551.jpg,2
2843629.jpg,1
2786161.jpg,1
2780173.jpg,1
2802521.jpg,1
1072257.jpg,4
2890500.jpg,5
2837581.jpg,1
2835510.jpg,1
1835742.jpg,4
2868032.jpg,1
2831427.jpg,1
1120259.jpg,4
2711338.jpg,2
906471.jpg,4
2784198.jpg,1
317425.jpg,2
2826731.jpg,2
2864216.jpg,2
2876244.jpg,1
2773895.jpg,2
2829316.jpg,1
2788325.jpg,1
2814932.jpg,1
2866071.jpg,1
2857373.jpg,3
2868034.jpg,1
2878107.jpg,3
2550808.jpg,2
2854021.jpg,3
2877022.jpg,2
2838413.jpg,3
2167676.jpg,2
2837308.jpg,3
609331.jpg,4
2858067.jpg,5
2818914.jpg,1
2788231.jpg,1
2897576.jpg,3
699883.jpg,4
2847689.jpg,1
2849130.jpg,3
2847130.jpg,4
2902575.jpg,5
2894496.jpg,5
2804641.jpg,1
2843715.jpg,3
2853423.jpg,2
2880337.jpg,5
2800425.jpg,1
2862136.jpg,1
2904593.jpg,5
2841726.jpg,5
2549253.jpg,4
2875303.jpg,2
2585930.jpg,2
2890498.jpg,5
1400153.jpg,4
2728879.jpg,2
627873.jpg,4
2800564.jpg,1
2143208.jpg,2
2369360.jpg,4
2860068.jpg,5
2255449.jpg,2
2788301.jpg,1
2878248.jpg,1
2794448.jpg,1
2812740.jpg,2
2858050.jpg,5
2851880.jpg,1
2882268.jpg,5
2892541.jpg,1
2816919.jpg,1
2880208.jpg,1
2884288.jpg,5
2866147.jpg,1
2907404.jpg,3
2790275.jpg,2
2874082.jpg,1
2841634.jpg,1
1325802.jpg,4
2583929.jpg,2
2812750.jpg,1
2808764.jpg,5
2871670.jpg,3
2671011.jpg,2
2877290.jpg,2
2857798.jpg,3
1488288.jpg,2
2896482.jpg,1
2810781.jpg,1
2833435.jpg,1
2866117.jpg,3
2869461.jpg,3
2365881.jpg,4
2792422.jpg,1
2841091.jpg,3
2117721.jpg,4
2807031.jpg,2
2325200.jpg,4
2894466.jpg,5
1905932.jpg,2
2840298.jpg,3
2790316.jpg,1
2539903.jpg,4
2890407.jpg,1
2870083.jpg,1
2904676.jpg,1
1822474.jpg,4
2845852.jpg,5
1831322.jpg,4
2692424.jpg,2
2884323.jpg,5
2831339.jpg,5
2796436.jpg,5
2879222.jpg,3
847728.jpg,2
2909522.jpg,3
2876240.jpg,1
2582354.jpg,2
2883071.jpg,3
2904655.jpg,1
2784212.jpg,1
1608101.jpg,4
2848782.jpg,3
2806762.jpg,5
2816851.jpg,1
2702317.jpg,2
2810847.jpg,1
2902610.jpg,5
2843760.jpg,5
2780062.jpg,5
2879210.jpg,2
2145674.jpg,2
2812748.jpg,5
2849914.jpg,5
2782287.jpg,5
2784292.jpg,1
1353675.jpg,4
2798496.jpg,1
2874778.jpg,3
2888471.jpg,1
2821028.jpg,1
2784170.jpg,1
2837528.jpg,1
2894562.jpg,5
2844697.jpg,3
2086095.jpg,4
2780743.jpg,4
2809764.jpg,2
2880901.jpg,3
2870015.jpg,1
2888131.jpg,3
2788259.jpg,1
2892393.jpg,5
2855948.jpg,1
2005205.jpg,2
2858036.jpg,1
2814959.jpg,5
2806630.jpg,5
2845708.jpg,5
2841608.jpg,1
2855955.jpg,5
2786238.jpg,1
2828762.jpg,2
2851784.jpg,1
2854735.jpg,3
2741687.jpg,2
2160815.jpg,2
2847876.jpg,3
2782169.jpg,5
2792442.jpg,5
2848421.jpg,3
2866157.jpg,1
2843364.jpg,2
2876211.jpg,1
1162660.jpg,4
2847818.jpg,1
2790392.jpg,2
2831314.jpg,1
2866146.jpg,5
2235770.jpg,2
2794063.jpg,2
2786218.jpg,5
2879819.jpg,3
2843627.jpg,1
930221.jpg,4
2577807.jpg,2
2816907.jpg,1
2674146.jpg,2
2806703.jpg,1
2864049.jpg,1
2864164.jpg,2
2898558.jpg,1
2827290.jpg,1
2457852.jpg,2
2853905.jpg,5
1800551.jpg,4
2788330.jpg,1
2806654.jpg,5
2798448.jpg,5
2835489.jpg,1
2766595.jpg,2
2851993.jpg,3
2872128.jpg,1
2784237.jpg,1
2866018.jpg,5
2845754.jpg,3
2903277.jpg,3
2839647.jpg,3
2843740.jpg,3
1352398.jpg,4
2896494.jpg,1
1810943.jpg,2
2816785.jpg,2
2888348.jpg,1
2800554.jpg,1
2821200.jpg,1
2741740.jpg,2
2783727.jpg,4
2796341.jpg,5
625747.jpg,2
2856034.jpg,1
2839615.jpg,1
2902678.jpg,5
2806631.jpg,5
2883301.jpg,2
2833307.jpg,1
2878763.jpg,3
2796447.jpg,1
2863470.jpg,3
609340.jpg,4
2901390.jpg,3
2816934.jpg,1
2900529.jpg,3
2758034.jpg,2
2439538.jpg,2
2866079.jpg,5
1161345.jpg,4
2849769.jpg,5
2904211.jpg,3
1804296.jpg,4
2892063.jpg,3
1725953.jpg,4
2882034.jpg,4
2896593.jpg,5
2843615.jpg,1
2819072.jpg,1
1565607.jpg,4
2847755.jpg,1
2884436.jpg,5
2897491.jpg,3
2845788.jpg,5
2898502.jpg,5
2798438.jpg,1
2798387.jpg,5
2829441.jpg,2
2825121.jpg,5
2864880.jpg,2
2455311.jpg,4
2900654.jpg,5
2884146.jpg,3
2856004.jpg,1
2804698.jpg,5
2894494.jpg,1
2864057.jpg,5
2459131.jpg,4
2861049.jpg,2
2788351.jpg,1
1887777.jpg,4
2880265.jpg,1
2730606.jpg,2
2816832.jpg,5
2808832.jpg,1
2904582.jpg,5
2812800.jpg,1
2859716.jpg,3
2796474.jpg,1
2898609.jpg,1
2704899.jpg,2
2903004.jpg,3
2792347.jpg,1
2833486.jpg,1
2896516.jpg,5
2790323.jpg,1
2839507.jpg,5
741153.jpg,4
1187990.jpg,4
2776116.jpg,2
2778107.jpg,1
659008.jpg,4
2885047.jpg,3
2847617.jpg,3
2122710.jpg,4
2818978.jpg,5
2871877.jpg,3
2853911.jpg,1
2796404.jpg,5
2898537.jpg,5
2849884.jpg,5
2780206.jpg,1
2788306.jpg,1
2894438.jpg,5
2861842.jpg,3
2895782.jpg,3
2147838.jpg,2
2890484.jpg,5
2851891.jpg,1
2857689.jpg,3
2796424.jpg,5
2866156.jpg,1
2858393.jpg,3
2790315.jpg,1
2894545.jpg,5
2789483.jpg,2
2849916.jpg,5
2812798.jpg,1
2890432.jpg,1
2900695.jpg,1
2874362.jpg,2
2887163.jpg,3
2866070.jpg,5
1631871.jpg,4
2827191.jpg,1
2687459.jpg,2
929533.jpg,4
2846311.jpg,3
2841681.jpg,1
2792411.jpg,5
2758055.jpg,2
2823097.jpg,5
2868548.jpg,3
2845461.jpg,3
2904644.jpg,1
2859566.jpg,3
2841141.jpg,3
2875073.jpg,2
2367163.jpg,2
2897958.jpg,2
2902007.jpg,3
679662.jpg,4
1799968.jpg,4
2782130.jpg,1
2454726.jpg,2
2825092.jpg,5
2808772.jpg,1
2123631.jpg,4
2823166.jpg,1
2894449.jpg,5
2864133.jpg,1
2184060.jpg,4
2860170.jpg,1
2786251.jpg,5
2842955.jpg,3
2846124.jpg,3
2837576.jpg,5
2860343.jpg,3
2849765.jpg,5
2902570.jpg,5
2818896.jpg,5
2872162.jpg,1
2849839.jpg,1
649784.jpg,4
2832439.jpg,2
2798400.jpg,1
2870812.jpg,3
1506544.jpg,4
2824324.jpg,2
2669786.jpg,2
2870034.jpg,1
1124945.jpg,2
2824490.jpg,2
709162.jpg,4
2870006.jpg,1
2855970.jpg,1
2652477.jpg,4
2843659.jpg,1
2843781.jpg,5
2829296.jpg,4
2566476.jpg,2
1823498.jpg,2
2874222.jpg,2
1430677.jpg,4
2810740.jpg,1
2839718.jpg,3
2868029.jpg,1
2812745.jpg,1
2788256.jpg,1
2823216.jpg,1
2874184.jpg,5
2848950.jpg,2
1898905.jpg,2
1662769.jpg,4
1598486.jpg,4
2782192.jpg,1
2798375.jpg,5
2800477.jpg,5
2881223.jpg,2
2838422.jpg,3
2846861.jpg,3
2890413.jpg,1
2814922.jpg,1
2359637.jpg,4
2719030.jpg,4
2782133.jpg,1
2889732.jpg,3
2794389.jpg,1
2825283.jpg,2
2074217.jpg,2
451228.jpg,2
1957229.jpg,4
2891922.jpg,3
2812747.jpg,1
2705111.jpg,4
2835380.jpg,5
2837592.jpg,1
2806626.jpg,5
2804677.jpg,1
2356772.jpg,4
2843677.jpg,1
2898516.jpg,1
2837624.jpg,1
2894532.jpg,1
695680.jpg,4
2636060.jpg,2
2849132.jpg,3
2810427.jpg,2
2896838.jpg,3
2843660.jpg,1
2804755.jpg,5
2886401.jpg,1
2891567.jpg,2
2904575.jpg,5
2577126.jpg,2
2903565.jpg,3
2895138.jpg,3
2904646.jpg,1
2582349.jpg,2
2904578.jpg,1
2853978.jpg,5
2680315.jpg,2
2592937.jpg,4
2872186.jpg,5
2835451.jpg,1
2870028.jpg,1
2794354.jpg,1
1654525.jpg,4
2808809.jpg,1
2784166.jpg,1
2833388.jpg,1
2837482.jpg,5
2884500.jpg,3
2868483.jpg,3
2838586.jpg,3
2782277.jpg,1
2889929.jpg,3
2847721.jpg,1
2800469.jpg,1
2876807.jpg,3
2888249.jpg,3
2831276.jpg,5
614258.jpg,4
1538920.jpg,4
2848114.jpg,3
613378.jpg,4
2816834.jpg,5
2840648.jpg,3
2864070.jpg,1
2863012.jpg,3
2896581.jpg,1
2843710.jpg,5
980701.jpg,4
2885151.jpg,3
2840646.jpg,3
2728880.jpg,2
2784284.jpg,1
2833436.jpg,1
2687229.jpg,2
2834323.jpg,2
2846143.jpg,3
2819807.jpg,2
1641463.jpg,4
658021.jpg,2
2815697.jpg,2
2872088.jpg,1
2863179.jpg,2
2884430.jpg,1
2839564.jpg,1
2473886.jpg,4
2794381.jpg,5
2839506.jpg,1
2794379.jpg,1
2900252.jpg,3
2818539.jpg,2
1244689.jpg,4
2845784.jpg,5
2888457.jpg,5
2894043.jpg,3
2899821.jpg,3
2702721.jpg,2
2874229.jpg,3
2725933.jpg,4
2837678.jpg,2
1444059.jpg,2
2662927.jpg,2
2825097.jpg,1
1395533.jpg,4
2837472.jpg,1
2341121.jpg,4
2880238.jpg,1
2892456.jpg,1
2831423.jpg,1
2864056.jpg,5
2847842.jpg,5
2904683.jpg,5
2728878.jpg,2
2819075.jpg,5
2894500.jpg,1
2878291.jpg,1
2782202.jpg,1
2794391.jpg,1
2666106.jpg,2
2841729.jpg,1
2855949.jpg,5
2492386.jpg,2
2852402.jpg,3
2778065.jpg,1
2747462.jpg,2
2903499.jpg,2
2884307.jpg,5
2868102.jpg,1
2835381.jpg,5
2868037.jpg,1
2864063.jpg,2
2902554.jpg,5
2821057.jpg,1
2902711.jpg,1
2796849.jpg,2
2900711.jpg,1
2746950.jpg,4
2706340.jpg,2
1892833.jpg,4
2903495.jpg,2
2819042.jpg,1
2841667.jpg,5
2839569.jpg,1
2352919.jpg,2
2874101.jpg,5
658211.jpg,4
2860159.jpg,5
2802555.jpg,1
2839534.jpg,3
1004054.jpg,4
2829236.jpg,1
2860112.jpg,1
2860027.jpg,1
2816880.jpg,1
2827234.jpg,1
2767418.jpg,2
1114370.jpg,4
2816836.jpg,5
2702089.jpg,2
2868677.jpg,3
1905588.jpg,2
897776.jpg,4
1645879.jpg,4
2890501.jpg,1
2778077.jpg,1
2855295.jpg,2
2890469.jpg,1
2837597.jpg,1
1546031.jpg,4
2852471.jpg,3
2870139.jpg,1
2862163.jpg,1
2845738.jpg,1
728442.jpg,4
2796479.jpg,5
2669708.jpg,2
2870658.jpg,2
2846123.jpg,3
2261336.jpg,4
2851176.jpg,2
2860044.jpg,5
2839599.jpg,1
2794366.jpg,1
2796483.jpg,1
2298473.jpg,2
2837151.jpg,3
2896561.jpg,5
2784303.jpg,5
2104258.jpg,4
2902625.jpg,5
2843370.jpg,2
2837497.jpg,5
2841710.jpg,1
2778089.jpg,1
773775.jpg,4
2827192.jpg,1
2845733.jpg,1
2860045.jpg,5
2792316.jpg,1
1607246.jpg,4
2884349.jpg,1
2784199.jpg,1
2895047.jpg,3
2858228.jpg,2
2863235.jpg,2
2902588.jpg,1
1062006.jpg,2
2839597.jpg,1
2684660.jpg,2
2872081.jpg,5
2880310.jpg,1
2890399.jpg,1
2879842.jpg,3
2892498.jpg,1
2802566.jpg,1
2461953.jpg,4
2849816.jpg,1
2843623.jpg,5
2816828.jpg,5
2864069.jpg,1
2862161.jpg,5
2893705.jpg,3
2890363.jpg,1
2887205.jpg,3
588714.jpg,4
2871783.jpg,3
2866127.jpg,2
2831327.jpg,1
2868156.jpg,1
2835486.jpg,5
2740803.jpg,2
2847629.jpg,3
2798482.jpg,1
2827221.jpg,1
2810745.jpg,5
2852405.jpg,3
2814879.jpg,1
2892430.jpg,1
2860416.jpg,3
2898497.jpg,1
2866015.jpg,5
2821392.jpg,2
2902697.jpg,1
2818921.jpg,1
1243701.jpg,4
2837492.jpg,1
2810848.jpg,1
2864132.jpg,1
2712043.jpg,4
2012364.jpg,2
2903511.jpg,2
2896607.jpg,1
2812928.jpg,1
2901538.jpg,3
2833459.jpg,5
2865939.jpg,3
2835454.jpg,1
709018.jpg,4
2884404.jpg,1
2837651.jpg,1
2796343.jpg,5
2872131.jpg,1
2810804.jpg,1
2792367.jpg,5
2835452.jpg,1
2818900.jpg,5
2891148.jpg,3
2837562.jpg,3
2904653.jpg,1
2872145.jpg,1
2870097.jpg,1
2827251.jpg,1
2878495.jpg,2
2804657.jpg,5
2050163.jpg,2
2882249.jpg,1
2814958.jpg,1
1306278.jpg,4
2792318.jpg,1
2835532.jpg,5
2819088.jpg,1
1798820.jpg,4
2845771.jpg,1
2802632.jpg,5
2010303.jpg,2
2891024.jpg,3
2853861.jpg,5
2901731.jpg,3
2906610.jpg,3
2883656.jpg,2
2810912.jpg,5
2903475.jpg,2
2792305.jpg,1
2892796.jpg,3
2878278.jpg,1
2839558.jpg,5
2896515.jpg,1
2902799.jpg,2
2849908.jpg,5
2812919.jpg,1
2823049.jpg,1
2860036.jpg,5
2796473.jpg,1
2900547.jpg,5
2886862.jpg,3
2907016.jpg,3
2870088.jpg,1
2818939.jpg,5
2847647.jpg,2
2896460.jpg,1
2892462.jpg,1
2861990.jpg,3
2806788.jpg,1
2778067.jpg,5
2502524.jpg,4
2825281.jpg,4
2788268.jpg,5
2837561.jpg,3
2823225.jpg,1
2835433.jpg,1
2136367.jpg,4
2788195.jpg,5
2829421.jpg,1
2860050.jpg,5
2835377.jpg,5
2898554.jpg,1
2902612.jpg,1
2857335.jpg,3
2851805.jpg,1
2097227.jpg,2
2851972.jpg,1
2869216.jpg,3
2894167.jpg,3
2531139.jpg,4
2873033.jpg,3
2840924.jpg,2
2894435.jpg,1
2864149.jpg,1
2827194.jpg,1
2366014.jpg,2
2837646.jpg,1
2788235.jpg,1
2879987.jpg,3
718949.jpg,4
2892549.jpg,5
901189.jpg,4
2879918.jpg,3
2829387.jpg,1
2864058.jpg,5
2844068.jpg,3
1375274.jpg,4
2841557.jpg,1
2838610.jpg,3
2792397.jpg,5
2711267.jpg,2
1145084.jpg,2
2909751.jpg,3
2866076.jpg,1
2892452.jpg,1
2776323.jpg,2
2704850.jpg,2
2788242.jpg,1
2882409.jpg,2
2668439.jpg,4
2729913.jpg,2
2798497.jpg,1
2827320.jpg,5
2816481.jpg,2
2073876.jpg,2
2098349.jpg,2
792089.jpg,4
2869417.jpg,3
2466153.jpg,4
2825280.jpg,1
2877536.jpg,3
2796344.jpg,5
2860162.jpg,5
2854009.jpg,1
2837517.jpg,5
2239436.jpg,2
2888454.jpg,5
2790274.jpg,2
2796339.jpg,5
2874063.jpg,1
2884366.jpg,5
2845727.jpg,5
2847797.jpg,1
2825226.jpg,1
2855933.jpg,5
2899142.jpg,3
2872231.jpg,3
2866080.jpg,3
2874059.jpg,5
2837621.jpg,1
1414050.jpg,4
2802512.jpg,1
2875302.jpg,2
2889235.jpg,2
2903692.jpg,2
2857991.jpg,5
2871785.jpg,3
2794355.jpg,1
2890479.jpg,5
2904599.jpg,5
2886362.jpg,1
2900603.jpg,5
2807309.jpg,2
2839586.jpg,5
2857504.jpg,2
2782132.jpg,1
2864157.jpg,1
1795588.jpg,4
2894528.jpg,1
2898642.jpg,1
2835379.jpg,5
2804651.jpg,1
2872159.jpg,1
2847761.jpg,5
2847822.jpg,3
2827134.jpg,1
2804636.jpg,1
1131196.jpg,2
2859220.jpg,3
2888453.jpg,5
843259.jpg,4
2844747.jpg,3
2788331.jpg,1
2849847.jpg,3
2829223.jpg,5
1145049.jpg,2
857897.jpg,2
2894493.jpg,5
2804644.jpg,1
2780167.jpg,5
2083662.jpg,2
2812755.jpg,1
834997.jpg,2
2821035.jpg,1
2845850.jpg,5
1727344.jpg,4
2335455.jpg,2
2802605.jpg,1
2853899.jpg,5
2880350.jpg,1
2810757.jpg,5
2841717.jpg,1
2859251.jpg,2
2886482.jpg,1
2901537.jpg,3
2860001.jpg,3
2859106.jpg,3
2827322.jpg,5
691360.jpg,4
1575967.jpg,4
2825205.jpg,1
1393335.jpg,2
2846126.jpg,3
2829418.jpg,5
2804648.jpg,1
2802576.jpg,1
2855975.jpg,5
2739702.jpg,4
2899829.jpg,3
2851647.jpg,3
2723902.jpg,2
2833481.jpg,1
2821170.jpg,5
2873384.jpg,2
2890369.jpg,1
2252499.jpg,4
2843775.jpg,5
2825119.jpg,1
2852932.jpg,2
2860134.jpg,1
2843765.jpg,1
2819002.jpg,1
1059245.jpg,4
2898536.jpg,5
2904692.jpg,1
2509668.jpg,4
1887491.jpg,4
2854019.jpg,3
2849784.jpg,5
2870149.jpg,5
2831279.jpg,5
2874119.jpg,5
2823149.jpg,1
2847810.jpg,1
2806759.jpg,5
2537144.jpg,4
2848826.jpg,3
2819006.jpg,5
2864137.jpg,1
2864007.jpg,1
2870632.jpg,3
2862610.jpg,2
1019271.jpg,4
2882005.jpg,3
2867924.jpg,4
2786196.jpg,5
2582903.jpg,2
2890397.jpg,1
644577.jpg,4
2849786.jpg,1
2821128.jpg,5
2127031.jpg,2
2888441.jpg,5
2837546.jpg,5
2876122.jpg,1
2823081.jpg,1
2853325.jpg,2
2854872.jpg,2
1979196.jpg,4
2885542.jpg,3
2894442.jpg,1
2804589.jpg,1
2804493.jpg,2
2907014.jpg,3
2847845.jpg,1
2804742.jpg,5
1637853.jpg,4
2878311.jpg,1
2790257.jpg,5
2896566.jpg,5
2894560.jpg,1
2666067.jpg,2
2895620.jpg,3
2899351.jpg,3
2902587.jpg,5
2796413.jpg,1
2879437.jpg,4
2821193.jpg,1
2909300.jpg,3
2876164.jpg,1
2837547.jpg,5
2835475.jpg,1
2796334.jpg,5
2780680.jpg,2
1072012.jpg,4
2876127.jpg,1
2835415.jpg,1
2833475.jpg,5
2829256.jpg,5
2817146.jpg,2
2111001.jpg,4
2845136.jpg,3
2849754.jpg,1
2862817.jpg,3
2835354.jpg,5
2890396.jpg,5
2896591.jpg,5
2818918.jpg,1
2890530.jpg,3
2853890.jpg,5
2894565.jpg,5
1334846.jpg,2
2866135.jpg,1
2798469.jpg,5
2810883.jpg,1
2724539.jpg,2
2898563.jpg,5
1370567.jpg,4
2825262.jpg,1
2814843.jpg,1
2845654.jpg,3
2892419.jpg,5
2812776.jpg,2
1156351.jpg,4
2277056.jpg,4
2863780.jpg,2
1937807.jpg,4
2814869.jpg,5
2848420.jpg,3
2890418.jpg,1
2870003.jpg,1
2856574.jpg,3
2877348.jpg,2
2852458.jpg,3
2816980.jpg,1
2072765.jpg,2
2866290.jpg,3
2871349.jpg,3
2904717.jpg,5
2886399.jpg,1
2852401.jpg,3
2850221.jpg,3
2886345.jpg,5
2680312.jpg,2
2843618.jpg,1
2841720.jpg,1
2786242.jpg,1
2823102.jpg,1
2816936.jpg,1
2845755.jpg,5
2786123.jpg,5
2796412.jpg,1
2821047.jpg,1
1084779.jpg,2
1675321.jpg,4
2862656.jpg,3
2778131.jpg,1
2882286.jpg,1
2800539.jpg,1
2833383.jpg,1
2794925.jpg,4
2892527.jpg,1
2742685.jpg,4
299281.jpg,2
2892447.jpg,1
2884329.jpg,5
2901589.jpg,3
747735.jpg,4
2882549.jpg,3
2786133.jpg,5
2888506.jpg,5
2870908.jpg,2
2880271.jpg,1
1729479.jpg,4
2841601.jpg,5
2891710.jpg,3
2876257.jpg,1
1146885.jpg,4
2880783.jpg,3
2908562.jpg,3
2891860.jpg,3
2864678.jpg,3
2827210.jpg,1
643776.jpg,4
2860025.jpg,1
2860010.jpg,5
2829278.jpg,1
1824020.jpg,4
2810886.jpg,5
2909042.jpg,3
2677725.jpg,2
2890370.jpg,1
2882432.jpg,3
1341467.jpg,4
647309.jpg,2
2885510.jpg,2
2862049.jpg,1
2902633.jpg,5
2816837.jpg,5
2762251.jpg,2
2896507.jpg,1
2888395.jpg,5
2810817.jpg,1
2796389.jpg,5
2798468.jpg,1
2825218.jpg,1
912507.jpg,4
2884428.jpg,1
2391007.jpg,2
1278383.jpg,4
2259786.jpg,2
2878272.jpg,1
2816896.jpg,5
2792392.jpg,5
2796360.jpg,1
2823079.jpg,1
2812861.jpg,1
2831385.jpg,1
2829385.jpg,1
2874750.jpg,2
2806728.jpg,5
2898622.jpg,5
2784294.jpg,5
2864072.jpg,1
2130216.jpg,2
2802598.jpg,1
2872133.jpg,1
2879742.jpg,2
2891668.jpg,2
2849791.jpg,1
2543751.jpg,4
2847251.jpg,2
2855995.jpg,1
2855968.jpg,1
2892402.jpg,1
2862168.jpg,1
2086450.jpg,4
2808759.jpg,1
2794352.jpg,5
1402793.jpg,2
2860171.jpg,1
2827260.jpg,5
2798415.jpg,1
2551846.jpg,2
2780210.jpg,5
2102356.jpg,2
2896563.jpg,1
2670213.jpg,2
2407482.jpg,4
2890394.jpg,1
2818944.jpg,5
2796384.jpg,1
2825213.jpg,1
2495598.jpg,2
2856056.jpg,1
2862014.jpg,1
2839606.jpg,5
2838726.jpg,3
2835501.jpg,1
2790349.jpg,1
2810411.jpg,2
2857985.jpg,1
2849749.jpg,1
615663.jpg,4
2868111.jpg,1
2884381.jpg,5
703304.jpg,4
2516875.jpg,4
2806623.jpg,5
2903510.jpg,2
2909296.jpg,3
2821614.jpg,2
2900580.jpg,1
2900552.jpg,1
1951777.jpg,4
2804655.jpg,5
2844407.jpg,3
2851870.jpg,1
2871875.jpg,3
2852465.jpg,3
627875.jpg,4
2880305.jpg,1
674833.jpg,2
2771873.jpg,2
2844698.jpg,3
2188063.jpg,4
2845765.jpg,5
2872096.jpg,1
2886040.jpg,3
2903483.jpg,2
2876259.jpg,5
2904719.jpg,5
2888130.jpg,3
2888410.jpg,5
2896567.jpg,1
2850397.jpg,2
2902009.jpg,3
2872999.jpg,3
2829372.jpg,1
2893284.jpg,3
2837959.jpg,3
2784281.jpg,1
643083.jpg,2
2792287.jpg,1
2878413.jpg,2
2847691.jpg,1
2848729.jpg,2
2720150.jpg,2
2255446.jpg,2
942931.jpg,4
2786200.jpg,5
2798445.jpg,5
2888477.jpg,1
2816858.jpg,5
2799304.jpg,4
2900631.jpg,2
2818982.jpg,5
2880259.jpg,4
2798501.jpg,1
2904467.jpg,3
2870032.jpg,1
2814380.jpg,2
2780126.jpg,1
2850554.jpg,3
2821121.jpg,1
2839095.jpg,3
702096.jpg,4
1885516.jpg,4
2856014.jpg,5
2868019.jpg,3
2909644.jpg,3
633184.jpg,4
1384029.jpg,4
2861839.jpg,3
2902689.jpg,5
2796402.jpg,1
2804681.jpg,1
2732658.jpg,2
2816886.jpg,1
2788352.jpg,1
2860115.jpg,5
2847708.jpg,2
2902831.jpg,2
2808049.jpg,2
2782123.jpg,5
2876429.jpg,3
2841635.jpg,1
2796400.jpg,5
2896397.jpg,2
2845795.jpg,1
2792304.jpg,5
1653183.jpg,4
2802531.jpg,1
1186097.jpg,4
2847697.jpg,5
2802593.jpg,5
2839648.jpg,1
2878298.jpg,1
2092561.jpg,2
2891036.jpg,3
2269849.jpg,2
2859827.jpg,3
2848359.jpg,3
2827287.jpg,1
634107.jpg,4
2870104.jpg,1
677559.jpg,4
2802644.jpg,5
2839589.jpg,1
2846125.jpg,3
2859568.jpg,3
2851917.jpg,5
2904588.jpg,5
2882430.jpg,3
2310192.jpg,4
2839603.jpg,1
2856070.jpg,5
2833378.jpg,2
1348379.jpg,4
2370811.jpg,2
2880244.jpg,5
2682430.jpg,2
1815451.jpg,4
2892468.jpg,1
2849771.jpg,1
2843675.jpg,1
1139291.jpg,4
2808979.jpg,2
2780104.jpg,5
2823095.jpg,1
2882346.jpg,1
2848821.jpg,3
1134412.jpg,2
2823061.jpg,1
2909744.jpg,3
2890401.jpg,5
2782286.jpg,5
2870064.jpg,1
2880784.jpg,3
2909485.jpg,3
2837539.jpg,5
2896568.jpg,1
2886393.jpg,1
2810844.jpg,1
2616396.jpg,4
2857993.jpg,1
2034007.jpg,2
2886696.jpg,3
2857964.jpg,1
2890520.jpg,1
2837859.jpg,3
2731093.jpg,2
2835493.jpg,1
2839552.jpg,5
2152478.jpg,4
2849905.jpg,5
1626517.jpg,2
2769776.jpg,2
2874773.jpg,3
2818965.jpg,5
1233135.jpg,4
2780204.jpg,1
2589495.jpg,4
2804216.jpg,4
2374969.jpg,4
2810859.jpg,1
2898625.jpg,5
2837657.jpg,5
2843705.jpg,1
2880991.jpg,3
2324207.jpg,4
2882260.jpg,1
2285993.jpg,4
2860030.jpg,5
2697277.jpg,2
2872084.jpg,1
2841570.jpg,1
2876110.jpg,1
2835405.jpg,1
2833392.jpg,5
2796386.jpg,5
2823207.jpg,1
2904613.jpg,5
1548056.jpg,4
2849263.jpg,3
2851620.jpg,3
2876178.jpg,1
2863913.jpg,3
2786201.jpg,5
2879984.jpg,3
2495599.jpg,2
2831299.jpg,5
2812862.jpg,1
2072475.jpg,2
2873046.jpg,3
2857797.jpg,3
2851819.jpg,1
2786182.jpg,5
2833389.jpg,5
2816908.jpg,5
2872187.jpg,5
1800996.jpg,2
2874113.jpg,1
2706339.jpg,2
2379340.jpg,2
2898593.jpg,5
2806698.jpg,1
2687962.jpg,2
2847738.jpg,5
2788199.jpg,5
2896518.jpg,1
1770239.jpg,4
2872150.jpg,3
2894450.jpg,1
2882231.jpg,5
2806739.jpg,5
2833391.jpg,5
2796358.jpg,1
2843769.jpg,5
2741689.jpg,2
2870030.jpg,1
2868096.jpg,1
2853551.jpg,3
2902669.jpg,5
2907015.jpg,3
2841643.jpg,5
2837155.jpg,3
2782168.jpg,5
2859987.jpg,3
2851563.jpg,3
2829275.jpg,1
2821048.jpg,5
2778079.jpg,5
2758002.jpg,2
2884359.jpg,3
2815700.jpg,2
2786245.jpg,5
2877962.jpg,3
952994.jpg,4
739552.jpg,2
2839557.jpg,1
2049494.jpg,2
2804619.jpg,5
2827282.jpg,1
2798416.jpg,1
1879902.jpg,4
2648265.jpg,4
2870069.jpg,5
2845691.jpg,1
2821184.jpg,5
2843706.jpg,1
1431223.jpg,4
2878321.jpg,1
2823088.jpg,5
2819012.jpg,1
2825192.jpg,1
2855918.jpg,5
2833349.jpg,1
2853893.jpg,1
2896573.jpg,5
2900572.jpg,1
2876981.jpg,2
2844056.jpg,3
2796365.jpg,5
2890409.jpg,1
2089620.jpg,4
2900643.jpg,1
2892800.jpg,3
1949407.jpg,4
921975.jpg,4
2870017.jpg,1
2786235.jpg,5
2891550.jpg,2
767590.jpg,4
2810866.jpg,1
2891674.jpg,2
2686490.jpg,2
2876175.jpg,1
2257772.jpg,4
2841599.jpg,5
2850222.jpg,3
2889730.jpg,3
2872057.jpg,5
2870128.jpg,1
2675631.jpg,2
2816923.jpg,1
2806619.jpg,1
2850503.jpg,4
2048950.jpg,4
2892399.jpg,1
2536249.jpg,2
2379327.jpg,2
2825823.jpg,2
2888400.jpg,5
2853769.jpg,3
2902690.jpg,1
2452273.jpg,4
2891623.jpg,3
2720414.jpg,2
2784173.jpg,1
795503.jpg,4
2240087.jpg,4
2890495.jpg,1
914599.jpg,2
2842689.jpg,2
2778085.jpg,5
2794407.jpg,1
2870042.jpg,1
613277.jpg,4
2843621.jpg,1
2814960.jpg,1
2826678.jpg,2
2335818.jpg,4
2870668.jpg,2
2770793.jpg,2
2902572.jpg,5
2825103.jpg,1
2879194.jpg,3
2896483.jpg,5
2843652.jpg,1
2800449.jpg,5
2821163.jpg,1
2838849.jpg,3
2347371.jpg,4
2880135.jpg,3
2838520.jpg,3
2849837.jpg,1
2861855.jpg,3
2876108.jpg,5
2844681.jpg,3
2012363.jpg,2
2885597.jpg,3
2845811.jpg,1
2888485.jpg,5
2831313.jpg,5
2810824.jpg,1
1985854.jpg,4
2877095.jpg,2
2823154.jpg,1
2784301.jpg,1
2809866.jpg,2
2804711.jpg,1
2792308.jpg,1
2791670.jpg,2
2873152.jpg,3
2798464.jpg,5
2833326.jpg,1
2829341.jpg,5
2871097.jpg,3
2804666.jpg,1
2831450.jpg,1
2886380.jpg,5
2858116.jpg,1
2823139.jpg,5
2857958.jpg,1
1857382.jpg,4
1819621.jpg,4
2896517.jpg,5
2846310.jpg,3
2892312.jpg,3
2900621.jpg,1
2831285.jpg,1
1989602.jpg,4
2792315.jpg,1
2810418.jpg,2
2796492.jpg,1
2831311.jpg,1
2335456.jpg,2
2870011.jpg,1
2855990.jpg,1
2843684.jpg,1
1788614.jpg,4
2866082.jpg,1
2893266.jpg,3
2847865.jpg,2
2605094.jpg,2
2838866.jpg,3
2868679.jpg,3
2876158.jpg,1
2878165.jpg,3
2439537.jpg,2
2889731.jpg,3
2898514.jpg,1
1471218.jpg,2
2862138.jpg,1
964374.jpg,2
2878593.jpg,3
2849775.jpg,1
2849814.jpg,1
2878301.jpg,5
2610546.jpg,4
2794405.jpg,1
2875541.jpg,3
2860144.jpg,5
2798437.jpg,1
2888423.jpg,1
2812771.jpg,1
2155186.jpg,2
2830310.jpg,2
2856538.jpg,3
2816867.jpg,5
2841680.jpg,5
2856010.jpg,5
2732655.jpg,2
2825165.jpg,2
2891315.jpg,3
2804716.jpg,5
2802622.jpg,1
2850576.jpg,3
2868333.jpg,3
2247853.jpg,4
2841613.jpg,1
2900661.jpg,5
2874080.jpg,5
2810822.jpg,5
2899683.jpg,2
2800474.jpg,1
2892403.jpg,1
1049854.jpg,4
816871.jpg,4
2837559.jpg,1
2870147.jpg,1
2585248.jpg,4
2878254.jpg,1
2908292.jpg,3
1533033.jpg,4
2884418.jpg,3
2894544.jpg,1
2890922.jpg,3
2782239.jpg,1
2525185.jpg,4
2823173.jpg,1
2839906.jpg,3
2133937.jpg,4
2819040.jpg,1
2746955.jpg,2
2784169.jpg,1
2888401.jpg,5
2786224.jpg,5
2851648.jpg,3
1915579.jpg,4
2784238.jpg,5
2782209.jpg,1
2798440.jpg,1
1470306.jpg,2
2798433.jpg,5
2547523.jpg,4
2856024.jpg,1
2702035.jpg,2
2896548.jpg,5
2844233.jpg,3
2888411.jpg,5
2874084.jpg,1
2786135.jpg,1
1072860.jpg,4
2877372.jpg,2
2275531.jpg,2
670163.jpg,2
2903559.jpg,3
2307971.jpg,2
2796411.jpg,1
2855963.jpg,1
2864071.jpg,5
2827321.jpg,1
1540155.jpg,2
2845698.jpg,1
2847732.jpg,1
2794380.jpg,1
2794454.jpg,1
2458876.jpg,4
2864878.jpg,2
2808775.jpg,1
2872905.jpg,3
2778108.jpg,1
2507826.jpg,4
2784256.jpg,5
2903476.jpg,2
1653912.jpg,4
2890400.jpg,1
792103.jpg,4
2864118.jpg,1
2744699.jpg,2
2830833.jpg,2
2892732.jpg,3
2892962.jpg,3
2843692.jpg,1
2814888.jpg,1
2880782.jpg,3
2807306.jpg,2
1721196.jpg,2
2880307.jpg,5
2823055.jpg,5
2904737.jpg,1
2890263.jpg,3
1884644.jpg,4
2849824.jpg,1
2711898.jpg,2
2840989.jpg,2
2905604.jpg,3
2870035.jpg,1
2874191.jpg,3
2829394.jpg,1
2833461.jpg,5
1905585.jpg,2
2890393.jpg,1
1872456.jpg,2
2868052.jpg,5
2847684.jpg,1
2856065.jpg,5
2897051.jpg,3
2870140.jpg,5
2772024.jpg,2
2892457.jpg,1
2896503.jpg,5
2837511.jpg,1
2672269.jpg,4
2798486.jpg,5
2829320.jpg,5
1737608.jpg,4
2812792.jpg,1
2905224.jpg,3
1444922.jpg,4
2823237.jpg,5
2861486.jpg,2
2078673.jpg,2
2808702.jpg,5
2856064.jpg,5
2782207.jpg,1
2894512.jpg,5
2291007.jpg,4
2894459.jpg,5
2765422.jpg,2
2492383.jpg,2
1989612.jpg,4
2892442.jpg,1
2891497.jpg,2
2853958.jpg,5
2853969.jpg,1
2837797.jpg,2
2870117.jpg,1
1795503.jpg,4
2843613.jpg,1
2792314.jpg,1
2804495.jpg,2
2874120.jpg,5
2812806.jpg,1
2872589.jpg,3
2028962.jpg,4
2888531.jpg,3
2105043.jpg,2
2826261.jpg,2
2806751.jpg,5
2841554.jpg,1
1445821.jpg,2
2876760.jpg,2
2857113.jpg,3
2826038.jpg,2
2862607.jpg,2
2870273.jpg,3
2789740.jpg,2
1991234.jpg,4
2884068.jpg,2
2802508.jpg,5
2086097.jpg,4
2882347.jpg,1
2686214.jpg,2
2880314.jpg,1
2897538.jpg,3
2874169.jpg,1
2815528.jpg,2
2860155.jpg,5
2839543.jpg,1
2876146.jpg,1
2860066.jpg,5
2456596.jpg,2
2852403.jpg,3
2870077.jpg,1
2827304.jpg,1
2845785.jpg,5
2796459.jpg,5
2887292.jpg,3
2897460.jpg,3
2892516.jpg,5
2753766.jpg,2
2477422.jpg,4
2653227.jpg,4
2845817.jpg,1
2892467.jpg,1
2819044.jpg,1
2837626.jpg,1
2885088.jpg,3
2843666.jpg,1
2841706.jpg,5
2863499.jpg,3
2078672.jpg,2
2810780.jpg,1
2704897.jpg,2
740841.jpg,4
2837622.jpg,5
2870667.jpg,2
2866134.jpg,1
2737487.jpg,2
2821095.jpg,1
2856071.jpg,5
2501490.jpg,4
2784234.jpg,5
2862381.jpg,3
2825133.jpg,1
2804707.jpg,1
2816925.jpg,5
2810836.jpg,5
2863946.jpg,3
2890493.jpg,5
2808689.jpg,1
2906154.jpg,3
2504685.jpg,2
2904609.jpg,1
2490621.jpg,4
2851930.jpg,5
2857988.jpg,1
2817148.jpg,2
2269847.jpg,2
2860122.jpg,5
2818897.jpg,1
2794927.jpg,4
2894643.jpg,3
2833477.jpg,5
2819082.jpg,1
2878411.jpg,2
2896580.jpg,1
2874079.jpg,1
2863065.jpg,3
2898527.jpg,1
2145706.jpg,2
2812906.jpg,5
2849793.jpg,5
2825170.jpg,1
2889134.jpg,3
2885157.jpg,2
2892446.jpg,1
2192272.jpg,2
2804624.jpg,5
624008.jpg,4
2779511.jpg,2
1824148.jpg,2
2784296.jpg,1
2810768.jpg,5
2788285.jpg,1
2888397.jpg,5
1370870.jpg,4
2890525.jpg,5
2821071.jpg,5
2816943.jpg,5
2884287.jpg,5
2839837.jpg,4
2696833.jpg,2
2900452.jpg,3
2633605.jpg,2
2843725.jpg,1
2794332.jpg,1
2551839.jpg,2
2810531.jpg,2
2831449.jpg,5
2804685.jpg,5
2864161.jpg,2
2849889.jpg,1
2847733.jpg,1
2804591.jpg,1
2858645.jpg,3
2796437.jpg,1
2840058.jpg,3
2812362.jpg,2
2887051.jpg,3
2829386.jpg,1
2902613.jpg,1
2810730.jpg,5
2886370.jpg,1
2851947.jpg,1
1468399.jpg,4
2878222.jpg,1
2829396.jpg,1
2794305.jpg,5
2839178.jpg,3
2778087.jpg,1
2898513.jpg,5
2849921.jpg,1
2886471.jpg,5
2825144.jpg,1
2818947.jpg,1
2835466.jpg,1
2556722.jpg,2
2878276.jpg,1
2792359.jpg,1
2881552.jpg,2
2870092.jpg,1
2816883.jpg,5
2808690.jpg,1
2901438.jpg,3
2783822.jpg,2
2780152.jpg,1
2825274.jpg,1
2831290.jpg,1
2090644.jpg,2
646009.jpg,4
2831346.jpg,1
2864162.jpg,2
2821021.jpg,5
1056547.jpg,2
2854018.jpg,1
2643914.jpg,2
2859219.jpg,3
2841556.jpg,1
2817735.jpg,2
2807051.jpg,2
2841718.jpg,1
2046477.jpg,2
2856706.jpg,3
836155.jpg,4
2837163.jpg,3
2851923.jpg,5
2887204.jpg,3
2851883.jpg,5
2829369.jpg,1
2786260.jpg,1
2843718.jpg,5
2810774.jpg,1
2871815.jpg,3
1603853.jpg,4
2853964.jpg,1
2837572.jpg,1
2708150.jpg,2
2882527.jpg,2
2788353.jpg,1
1806208.jpg,4
2808705.jpg,5
2792391.jpg,5
2886339.jpg,5
1814323.jpg,4
2790240.jpg,1
2005202.jpg,2
2902693.jpg,5
2823183.jpg,5
2779983.jpg,2
768776.jpg,4
2843806.jpg,3
2833315.jpg,1
2831403.jpg,1
2819007.jpg,1
2890378.jpg,1
2849841.jpg,1
2790399.jpg,5
2862139.jpg,1
2792377.jpg,1
2819021.jpg,1
2788263.jpg,1
689380.jpg,4
2883146.jpg,3
1884170.jpg,4
2853927.jpg,5
2504682.jpg,2
2806761.jpg,1
2127812.jpg,2
2872194.jpg,5
2837580.jpg,1
2808706.jpg,5
2724589.jpg,2
2808789.jpg,1
2810743.jpg,5
2897299.jpg,3
2788246.jpg,1
2812903.jpg,1
2794334.jpg,1
2829398.jpg,5
1782999.jpg,4
2784261.jpg,1
2812777.jpg,2
2831379.jpg,1
2860017.jpg,1
2847813.jpg,1
2870115.jpg,1
2825173.jpg,1
2780205.jpg,1
649001.jpg,4
389050.jpg,2
2877978.jpg,3
2843609.jpg,1
2892448.jpg,1
2821029.jpg,1
2858129.jpg,1
2798441.jpg,5
2800547.jpg,1
2886463.jpg,5
2894308.jpg,2
2836360.jpg,3
2856036.jpg,1
2906367.jpg,3
2808661.jpg,1
2030946.jpg,4
2892445.jpg,1
2794399.jpg,1
2847824.jpg,3
2894578.jpg,5
2097228.jpg,2
2862142.jpg,1
2894549.jpg,5
2898635.jpg,5
2786130.jpg,5
2839587.jpg,1
2898549.jpg,5
2811364.jpg,2
584420.jpg,4
801922.jpg,4
2885148.jpg,3
2878280.jpg,1
2765808.jpg,4
2802620.jpg,5
2415146.jpg,2
2857703.jpg,3
2901650.jpg,3
2889348.jpg,3
2827272.jpg,5
2874446.jpg,2
2874114.jpg,1
2810733.jpg,1
2825279.jpg,1
2878323.jpg,5
2792433.jpg,1
2792327.jpg,1
2894559.jpg,1
2825261.jpg,1
2804697.jpg,1
2810976.jpg,4
2902649.jpg,5
2837493.jpg,5
2660719.jpg,4
876532.jpg,4
2861611.jpg,3
2888422.jpg,1
2845731.jpg,5
2883298.jpg,2
2835490.jpg,5
2878320.jpg,1
2491166.jpg,4
2870061.jpg,1
2786259.jpg,1
2862171.jpg,1
2806118.jpg,2
2898528.jpg,1
2806106.jpg,2
2837515.jpg,1
2786189.jpg,1
2868083.jpg,5
2864059.jpg,5
2790326.jpg,1
2806621.jpg,5
2862152.jpg,3
2821086.jpg,1
2849780.jpg,1
2794367.jpg,1
2697802.jpg,2
2788328.jpg,5
2847715.jpg,1
2786137.jpg,1
2814852.jpg,1
2839512.jpg,5
2818958.jpg,5
2790327.jpg,2
2882217.jpg,1
2896570.jpg,1
2809868.jpg,2
2884502.jpg,3
2806638.jpg,1
2790324.jpg,1
2078951.jpg,4
2149712.jpg,2
645704.jpg,4
2849906.jpg,1
2821107.jpg,1
2838545.jpg,3
2842183.jpg,2
2824870.jpg,2
2898495.jpg,1
2074212.jpg,2
2856087.jpg,2
2821177.jpg,1
2816829.jpg,5
641195.jpg,4
2829243.jpg,5
2903681.jpg,2
2252298.jpg,2
2798447.jpg,5
2841342.jpg,3
2137404.jpg,2
2890365.jpg,5
2818951.jpg,1
1334851.jpg,2
2904657.jpg,1
2875055.jpg,3
2888456.jpg,1
2835353.jpg,5
2798512.jpg,5
2819586.jpg,2
2856044.jpg,1
2800579.jpg,1
2878251.jpg,1
2874078.jpg,1
2849832.jpg,1
2817736.jpg,2
2825233.jpg,1
2217928.jpg,2
2872263.jpg,2
2864681.jpg,2
2862606.jpg,2
2891281.jpg,3
1119689.jpg,2
2892736.jpg,3
2898546.jpg,5
2809867.jpg,2
2825191.jpg,1
2840299.jpg,3
2858382.jpg,3
2882315.jpg,1
2876582.jpg,2
2847751.jpg,1
2807541.jpg,2
2878307.jpg,1
2876135.jpg,2
2804611.jpg,5
2860819.jpg,3
2843601.jpg,5
2833465.jpg,1
2788323.jpg,1
2909298.jpg,3
2877794.jpg,3
2909411.jpg,3
2901594.jpg,3
2839137.jpg,3
2855960.jpg,1
2886787.jpg,2
2868048.jpg,1
2903556.jpg,3
2808788.jpg,5
2816969.jpg,5
1124953.jpg,2
2818937.jpg,1
2847730.jpg,1
2782666.jpg,2
2822521.jpg,2
2851806.jpg,1
2888440.jpg,1
2870101.jpg,1
2871837.jpg,3
2615152.jpg,4
2831421.jpg,1
1893045.jpg,4
2081397.jpg,4
1900736.jpg,4
2696830.jpg,2
2896560.jpg,5
2849845.jpg,1
2702588.jpg,2
1419617.jpg,2
2848299.jpg,3
2866125.jpg,1
666882.jpg,4
2896395.jpg,2
2784202.jpg,1
707746.jpg,4
2841834.jpg,3
1287892.jpg,4
563043.jpg,4
2843691.jpg,1
2882652.jpg,2
2778066.jpg,1
2096162.jpg,4
2903460.jpg,2
2802629.jpg,1
2817167.jpg,2
2900623.jpg,1
2812768.jpg,1
2886484.jpg,5
2845718.jpg,5
2869218.jpg,3
2438844.jpg,4
2902675.jpg,1
2802511.jpg,1
2860088.jpg,1
2784259.jpg,1
2831283.jpg,5
2898560.jpg,1
2798126.jpg,4
2884330.jpg,5
2860103.jpg,1
2870657.jpg,3
2898561.jpg,1
2806669.jpg,5
2798404.jpg,5
2812766.jpg,1
2904581.jpg,5
2818957.jpg,5
2870124.jpg,5
2790402.jpg,5
2788348.jpg,1
1796896.jpg,4
2880347.jpg,5
2858128.jpg,1
1590296.jpg,4
924996.jpg,2
2902617.jpg,5
2890487.jpg,5
2872403.jpg,3
2868024.jpg,5
2849823.jpg,5
2821058.jpg,1
2861312.jpg,3
2819086.jpg,1
2894566.jpg,5
2800555.jpg,1
2786273.jpg,1
2112899.jpg,2
2363888.jpg,2
2902645.jpg,5
2816957.jpg,5
2854024.jpg,1
2806658.jpg,1
2204758.jpg,4
2823127.jpg,1
2005208.jpg,2
2831344.jpg,1
2833472.jpg,1
2852460.jpg,3
2860063.jpg,5
2810821.jpg,1
2818899.jpg,5
2669785.jpg,2
2800532.jpg,1
2858078.jpg,5
2804515.jpg,2
2859199.jpg,2
2892488.jpg,5
2856021.jpg,1
2821082.jpg,1
2808754.jpg,5
2866031.jpg,1
2847421.jpg,2
2874709.jpg,2
2868149.jpg,1
2026330.jpg,2
2790329.jpg,1
2886358.jpg,1
2812818.jpg,5
2882434.jpg,3
2825277.jpg,5
2698114.jpg,2
2898545.jpg,5
2843770.jpg,1
2816990.jpg,1
2890494.jpg,5
2721715.jpg,4
2812898.jpg,1
2892529.jpg,1
1362317.jpg,4
2800549.jpg,5
2892521.jpg,1
2808763.jpg,5
2699804.jpg,2
2825257.jpg,1
2192267.jpg,2
2896590.jpg,5
2839591.jpg,5
1721123.jpg,2
2861847.jpg,4
2827211.jpg,1
2825202.jpg,5
2869703.jpg,3
2847680.jpg,1
2831386.jpg,1
2829334.jpg,1
2786124.jpg,5
2806666.jpg,1
2890408.jpg,1
2844727.jpg,3
2456599.jpg,2
2905662.jpg,3
2884327.jpg,5
2882701.jpg,3
2802499.jpg,1
2900682.jpg,5
2853901.jpg,5
2868084.jpg,1
2862043.jpg,1
2892453.jpg,1
750846.jpg,4
2856090.jpg,5
2847812.jpg,1
2812827.jpg,1
2797110.jpg,4
2860028.jpg,1
2028870.jpg,2
2825129.jpg,1
2700145.jpg,2
2879840.jpg,3
691322.jpg,4
2860034.jpg,5
2886055.jpg,3
2792390.jpg,5
2786151.jpg,1
2844696.jpg,3
997951.jpg,4
2806764.jpg,1
2862757.jpg,3
1900533.jpg,4
2861607.jpg,3
2892451.jpg,1
2806754.jpg,2
2849770.jpg,1
2879999.jpg,3
2825167.jpg,1
2900666.jpg,5
2069964.jpg,4
2708868.jpg,2
2841559.jpg,1
2873052.jpg,3
2831306.jpg,1
1857916.jpg,4
2328458.jpg,2
2821090.jpg,1
2819024.jpg,1
2794279.jpg,1
2792383.jpg,1
2874193.jpg,1
2804658.jpg,1
2829249.jpg,1
2864032.jpg,1
1073645.jpg,4
2669737.jpg,2
2816797.jpg,5
2866133.jpg,2
2804665.jpg,1
1789691.jpg,4
2862151.jpg,5
2871436.jpg,3
2812791.jpg,1
2894529.jpg,1
2882702.jpg,3
2701057.jpg,2
2886353.jpg,1
2804705.jpg,1
2717718.jpg,2
2853977.jpg,1
2694445.jpg,4
2788281.jpg,1
2804745.jpg,5
2886439.jpg,1
2687839.jpg,2
2903266.jpg,3
2851548.jpg,2
1252699.jpg,4
2794926.jpg,4
2890380.jpg,1
770971.jpg,4
2585245.jpg,4
2816956.jpg,5
2890924.jpg,3
2762079.jpg,2
2477321.jpg,2
2896541.jpg,5
1392009.jpg,4
2868021.jpg,5
2796431.jpg,5
2863924.jpg,3
2702328.jpg,2
2878249.jpg,5
2666065.jpg,2
1269235.jpg,4
2900699.jpg,1
2856339.jpg,3
2884302.jpg,3
2853288.jpg,3
1521257.jpg,4
2870080.jpg,1
2809692.jpg,2
653118.jpg,4
2860282.jpg,2
2784177.jpg,1
2845806.jpg,1
2470545.jpg,4
2866065.jpg,1
2855021.jpg,2
2868868.jpg,3
2873776.jpg,2
2790267.jpg,1
2827228.jpg,1
2847443.jpg,3
2821097.jpg,1
2876643.jpg,3
2896446.jpg,1
2831277.jpg,5
2888511.jpg,5
2784228.jpg,1
2642967.jpg,2
2895621.jpg,3
2792325.jpg,1
2806311.jpg,2
2902778.jpg,3
2851815.jpg,1
2847754.jpg,1
2782244.jpg,1
2872195.jpg,5
1903835.jpg,4
2829383.jpg,1
2756800.jpg,2
2854670.jpg,3
2851909.jpg,1
2902629.jpg,1
885757.jpg,2
2100450.jpg,2
2810841.jpg,1
2852375.jpg,3
2903477.jpg,2
1330000.jpg,4
615647.jpg,4
1557650.jpg,4
2866039.jpg,5
2782131.jpg,1
2332571.jpg,4
2892431.jpg,1
2178271.jpg,4
2890521.jpg,1
2833452.jpg,5
2665371.jpg,4
2841600.jpg,5
2367046.jpg,4
2845768.jpg,1
2876184.jpg,1
2872134.jpg,1
2896475.jpg,1
2816924.jpg,5
2849803.jpg,5
2823167.jpg,1
2869220.jpg,3
2843656.jpg,5
2824357.jpg,2
2175709.jpg,2
2819084.jpg,1
2806765.jpg,1
2829321.jpg,5
2831357.jpg,1
1498654.jpg,2
2814821.jpg,5
2849882.jpg,5
2856704.jpg,3
2790352.jpg,1
2866019.jpg,5
2841711.jpg,1
719361.jpg,4
2841543.jpg,1
2370812.jpg,2
709144.jpg,4
2870046.jpg,5
1264670.jpg,4
1244714.jpg,4
2894432.jpg,1
2839446.jpg,2
1329826.jpg,4
2816939.jpg,5
2777650.jpg,2
2816953.jpg,5
2671010.jpg,2
907105.jpg,4
2837094.jpg,3
2860062.jpg,5
2816798.jpg,5
2790411.jpg,1
2858012.jpg,1
719715.jpg,4
2847681.jpg,1
2847705.jpg,2
2863238.jpg,2
2810823.jpg,1
2796348.jpg,5
2898651.jpg,1
2804751.jpg,5
2018730.jpg,4
2888094.jpg,3
2903672.jpg,2
2831288.jpg,1
2780007.jpg,2
2894638.jpg,3
2894433.jpg,1
2852456.jpg,3
1591518.jpg,4
1943931.jpg,4
2829417.jpg,5
2856032.jpg,1
2824321.jpg,2
2804649.jpg,1
2821055.jpg,1
2788243.jpg,1
2841574.jpg,5
2028965.jpg,4
2896485.jpg,1
2907018.jpg,3
2893277.jpg,3
2829366.jpg,5
2870055.jpg,1
2823143.jpg,1
2456568.jpg,4
2837450.jpg,5
913330.jpg,4
620611.jpg,4
2888489.jpg,1
2876182.jpg,1
2841630.jpg,1
2833374.jpg,5
2810798.jpg,1
2792443.jpg,1
2731318.jpg,2
2825206.jpg,1
2845752.jpg,5
2666331.jpg,2
2858051.jpg,1
2790295.jpg,1
2866084.jpg,1
2872127.jpg,1
2894471.jpg,5
2841702.jpg,5
2776110.jpg,2
2880223.jpg,1
2802504.jpg,5
2850550.jpg,3
2825111.jpg,5
2839694.jpg,3
751756.jpg,4
2888367.jpg,1
2847759.jpg,5
2866968.jpg,3
2843746.jpg,3
2904652.jpg,1
2847823.jpg,3
2806637.jpg,1
2629171.jpg,4
2860161.jpg,1
2873048.jpg,3
2903673.jpg,2
2876126.jpg,1
2894534.jpg,1
2886461.jpg,5
2862022.jpg,1
2840908.jpg,3
2837565.jpg,1
2837543.jpg,5
2839598.jpg,1
2886352.jpg,1
2786247.jpg,5
2883300.jpg,2
2880187.jpg,5
1904939.jpg,2
2782191.jpg,1
1897940.jpg,4
2874708.jpg,2
626218.jpg,4
2890488.jpg,5
2807234.jpg,4
2849645.jpg,3
2903513.jpg,2
2856535.jpg,3
2890610.jpg,3
2888493.jpg,5
2845770.jpg,1
2808794.jpg,1
2884350.jpg,1
2904658.jpg,1
2366330.jpg,2
2853992.jpg,1
2835438.jpg,1
2864140.jpg,1
2312830.jpg,2
2854005.jpg,5
2808804.jpg,1
2668082.jpg,2
2704866.jpg,2
676136.jpg,4
2881135.jpg,3
2858450.jpg,3
2883243.jpg,2
1565104.jpg,4
2827261.jpg,1
2835439.jpg,1
1351112.jpg,4
2880234.jpg,5
2829378.jpg,1
2894515.jpg,5
2902624.jpg,1
2845748.jpg,5
2040033.jpg,2
2854817.jpg,3
2892450.jpg,1
2866055.jpg,1
2849881.jpg,5
2713255.jpg,4
2886379.jpg,3
2812816.jpg,1
2890475.jpg,1
2841558.jpg,1
2835440.jpg,1
2508454.jpg,4
2012371.jpg,2
2175707.jpg,2
628598.jpg,4
2744714.jpg,2
2843764.jpg,1
2784178.jpg,1
2863307.jpg,3
2896473.jpg,5
2508456.jpg,4
2849904.jpg,5
1689198.jpg,4
2866040.jpg,5
2903740.jpg,3
2876157.jpg,2
2851800.jpg,1
2837356.jpg,3
949996.jpg,2
2868680.jpg,3
2896546.jpg,5
2816884.jpg,5
2825127.jpg,1
2823140.jpg,1
2835508.jpg,1
2020096.jpg,2
2848823.jpg,3
2816977.jpg,1
2792375.jpg,1
2393176.jpg,2
2900657.jpg,5
2902593.jpg,1
2782210.jpg,1
2847734.jpg,5
2896511.jpg,1
2853954.jpg,1
2825211.jpg,1
2666104.jpg,2
2810846.jpg,1
2877216.jpg,3
2900652.jpg,5
2771881.jpg,2
2780188.jpg,5
2860166.jpg,5
2057063.jpg,2
2815529.jpg,2
2195394.jpg,4
2900634.jpg,2
1098755.jpg,2
2792313.jpg,1
299803.jpg,2
2892540.jpg,1
2814964.jpg,1
2843605.jpg,5
2855931.jpg,5
2837579.jpg,1
952227.jpg,4
2878261.jpg,5
2816938.jpg,1
2556968.jpg,4
2798407.jpg,1
2710391.jpg,2
2902013.jpg,3
2837509.jpg,5
2691288.jpg,2
2715547.jpg,2
2876208.jpg,1
2811259.jpg,2
2875959.jpg,2
2909481.jpg,3
2829251.jpg,1
2806708.jpg,5
2040235.jpg,2
2831381.jpg,1
2892461.jpg,1
2792306.jpg,1
2885849.jpg,3
2829269.jpg,1
2816786.jpg,2
2903617.jpg,3
2888435.jpg,5
1604225.jpg,4
2835471.jpg,5
2720074.jpg,2
2900635.jpg,1
2868141.jpg,1
2870142.jpg,1
1567895.jpg,2
2833376.jpg,2
2802579.jpg,1
2595965.jpg,2
2888442.jpg,5
1794292.jpg,4
2902574.jpg,5
1206793.jpg,4
2868176.jpg,3
2876302.jpg,3
2892454.jpg,1
2902012.jpg,3
2687235.jpg,2
2816985.jpg,5
2831413.jpg,1
2677729.jpg,2
2894486.jpg,5
2900550.jpg,1
1796656.jpg,4
2794398.jpg,1
2882244.jpg,1
2786205.jpg,5
1015027.jpg,4
2875010.jpg,3
2876901.jpg,2
2872180.jpg,1
2215354.jpg,2
2235771.jpg,2
2821005.jpg,1
2780202.jpg,1
1333616.jpg,2
2892550.jpg,5
2792427.jpg,1
727116.jpg,4
2804645.jpg,1
2835364.jpg,5
2849755.jpg,1
2804741.jpg,5
2850223.jpg,3
2856066.jpg,3
2898621.jpg,5
2839646.jpg,1
1683629.jpg,4
2837794.jpg,2
2749033.jpg,2
2711263.jpg,2
1334854.jpg,2
2874187.jpg,1
2823075.jpg,1
2837656.jpg,1
2818913.jpg,1
2874100.jpg,5
2823236.jpg,5
2864833.jpg,2
2844063.jpg,3
2894517.jpg,1
1783166.jpg,4
1510486.jpg,4
625127.jpg,2
2712380.jpg,2
2856015.jpg,1
2902600.jpg,5
2724144.jpg,2
1575376.jpg,4
1388646.jpg,4
2784186.jpg,1
2909521.jpg,3
2376001.jpg,2
2823226.jpg,1
2798489.jpg,1
2780099.jpg,1
2909410.jpg,3
2833433.jpg,1
2860137.jpg,1
2842359.jpg,2
2849133.jpg,3
2812856.jpg,1
1414847.jpg,4
2802633.jpg,5
597091.jpg,4
2850459.jpg,3
2904590.jpg,5
2721388.jpg,2
2753755.jpg,2
2810898.jpg,1
2892555.jpg,1
623672.jpg,4
2868049.jpg,1
2800587.jpg,1
1593846.jpg,2
2370813.jpg,2
2818923.jpg,1
1309701.jpg,4
2845717.jpg,5
2879762.jpg,2
2704860.jpg,2
2877496.jpg,2
1905580.jpg,2
2890431.jpg,1
1855593.jpg,2
2190111.jpg,4
2802672.jpg,1
2882319.jpg,5
2853908.jpg,5
2162662.jpg,2
691084.jpg,4
2816866.jpg,5
2802567.jpg,1
2802628.jpg,5
2858122.jpg,5
2847736.jpg,5
2860016.jpg,1
1684593.jpg,4
632155.jpg,4
2842498.jpg,3
2798519.jpg,1
2847679.jpg,5
2841624.jpg,1
2890568.jpg,3
2841655.jpg,1
2804653.jpg,1
2831452.jpg,5
2831318.jpg,5
2893659.jpg,3
2788236.jpg,1
2894641.jpg,3
2819030.jpg,5
2269414.jpg,4
2892469.jpg,1
2903057.jpg,3
2827174.jpg,5
2866116.jpg,3
2857353.jpg,3
1654892.jpg,4
2125171.jpg,4
2778102.jpg,1
2837737.jpg,3
2848167.jpg,3
2896577.jpg,5
1824988.jpg,4
2808692.jpg,1
2819583.jpg,2
2195015.jpg,4
1334849.jpg,2
2808681.jpg,5
2866942.jpg,3
2858065.jpg,5
2829390.jpg,5
2846851.jpg,2
2899487.jpg,3
2876380.jpg,4
2786092.jpg,2
2796361.jpg,5
2816948.jpg,5
2892537.jpg,1
2874133.jpg,1
2816958.jpg,1
2900574.jpg,1
2860262.jpg,3
2835531.jpg,5
2816979.jpg,1
2734809.jpg,2
2897459.jpg,3
2898626.jpg,1
2823124.jpg,5
2869536.jpg,3
2837585.jpg,1
2855944.jpg,5
2860141.jpg,5
2852477.jpg,3
2003231.jpg,4
2881106.jpg,3
2858086.jpg,5
2835355.jpg,5
2839907.jpg,3
1201513.jpg,4
2802613.jpg,1
2806771.jpg,1
2887743.jpg,3
2902804.jpg,2
2823048.jpg,1
2884347.jpg,1
2851649.jpg,3
2847831.jpg,1
1805541.jpg,4
2878159.jpg,1
2790386.jpg,1
839331.jpg,2
1643883.jpg,4
2711270.jpg,2
2721369.jpg,2
1786288.jpg,4
2898577.jpg,1
2885078.jpg,3
2894518.jpg,1
2903954.jpg,2
2890429.jpg,5
2897937.jpg,3
703649.jpg,4
2784189.jpg,1
2807075.jpg,2
2878194.jpg,1
2865030.jpg,3
2897138.jpg,3
2825210.jpg,1
2831305.jpg,1
1347395.jpg,4
2888351.jpg,1
2794401.jpg,1
2860808.jpg,3
2577808.jpg,2
2792364.jpg,1
2809506.jpg,2
2872102.jpg,1
2868485.jpg,3
2893732.jpg,3
2863932.jpg,3
2886403.jpg,1
2821141.jpg,1
2878109.jpg,3
2859975.jpg,2
2494294.jpg,4
2890410.jpg,1
2886479.jpg,1
2879211.jpg,2
1879546.jpg,4
2896579.jpg,1
1754116.jpg,4
2502498.jpg,4
2792387.jpg,1
2838669.jpg,3
2841632.jpg,1
682550.jpg,2
2835441.jpg,1
2899755.jpg,3
2850232.jpg,2
2635776.jpg,4
2800527.jpg,1
2885147.jpg,3
2861910.jpg,3
2870126.jpg,3
2831324.jpg,1
2835400.jpg,1
1626519.jpg,2
2900659.jpg,5
2890391.jpg,1
2788238.jpg,1
2812916.jpg,5
2872149.jpg,5
2845780.jpg,1
2833414.jpg,1
2860136.jpg,1
2886409.jpg,5
2868113.jpg,1
2831394.jpg,1
1630399.jpg,4
2817739.jpg,2
2825230.jpg,5
2888488.jpg,1
2837470.jpg,1
2871204.jpg,3
2848827.jpg,3
2864029.jpg,1
580622.jpg,2
2784142.jpg,1
2721380.jpg,2
2734852.jpg,2
1440255.jpg,4
2847678.jpg,5
2013004.jpg,2
2222621.jpg,4
2792388.jpg,1
2869154.jpg,2
2800586.jpg,1
2868110.jpg,5
2878219.jpg,1
2853982.jpg,1
1400705.jpg,2
2864138.jpg,1
622579.jpg,2
2798521.jpg,1
2702525.jpg,2
2845712.jpg,5
2711882.jpg,2
622583.jpg,2
2825163.jpg,2
2831383.jpg,1
2802500.jpg,1
2711266.jpg,2
2802584.jpg,1
567495.jpg,4
2843651.jpg,1
2880966.jpg,3
2814865.jpg,5
2862165.jpg,1
2904587.jpg,5
2904649.jpg,1
2839578.jpg,1
2653813.jpg,4
747040.jpg,4
2814892.jpg,5
2786087.jpg,2
2888349.jpg,5
2806606.jpg,1
2806667.jpg,1
734417.jpg,4
2841638.jpg,1
2808680.jpg,1
2894366.jpg,3
2860031.jpg,1
2892526.jpg,1
2904584.jpg,5
2802553.jpg,1
2363122.jpg,2
2687451.jpg,2
2784042.jpg,2
1351820.jpg,2
1413805.jpg,4
2845828.jpg,1
2786152.jpg,1
2806785.jpg,5
2900581.jpg,5
949998.jpg,2
2901614.jpg,3
2872184.jpg,5
2900708.jpg,5
2894538.jpg,1
918211.jpg,4
2892455.jpg,1
2652718.jpg,2
2796490.jpg,5
2864022.jpg,1
2814962.jpg,1
2853991.jpg,1
1920585.jpg,2
2823221.jpg,5
2860039.jpg,5
2868131.jpg,5
648689.jpg,2
2780220.jpg,1
2415149.jpg,2
2819090.jpg,5
1137948.jpg,4
2875768.jpg,2
2143205.jpg,2
2843606.jpg,1
2902662.jpg,1
2868041.jpg,5
2866041.jpg,5
2780189.jpg,5
1379065.jpg,4
2900153.jpg,2
2831444.jpg,1
2702521.jpg,2
2860265.jpg,3
2839102.jpg,3
2842075.jpg,3
2874048.jpg,1
1114372.jpg,4
2825172.jpg,5
636293.jpg,4
2847752.jpg,1
2820608.jpg,2
2904586.jpg,5
2788293.jpg,1
2816340.jpg,2
2843784.jpg,1
2461621.jpg,2
2857961.jpg,1
2867911.jpg,3
2821073.jpg,1
2906312.jpg,3
2838004.jpg,2
2812927.jpg,1
2878244.jpg,5
2807046.jpg,2
2900567.jpg,1
2784245.jpg,1
2855081.jpg,3
2857690.jpg,3
2827295.jpg,5
2827183.jpg,1
2892525.jpg,1
2833430.jpg,1
2892536.jpg,1
2876128.jpg,1
2894470.jpg,5
2840814.jpg,3
2821044.jpg,5
2896461.jpg,1
2094189.jpg,4
2896447.jpg,1
2847644.jpg,2
2853099.jpg,3
2875152.jpg,3
1208225.jpg,4
2816799.jpg,5
2852462.jpg,3
2902302.jpg,3
2790303.jpg,5
1637583.jpg,4
1552144.jpg,2
2866005.jpg,1
2074210.jpg,4
2857962.jpg,1
2718771.jpg,2
2845831.jpg,1
2878297.jpg,5
2896558.jpg,5
2856027.jpg,5
2847840.jpg,5
2592983.jpg,4
2851847.jpg,1
2868097.jpg,5
2800444.jpg,5
2841784.jpg,3
1473060.jpg,4
2825824.jpg,2
2823214.jpg,1
2872359.jpg,3
2843694.jpg,1
1124952.jpg,2
2784224.jpg,1
2892691.jpg,2
2236762.jpg,4
2868142.jpg,1
2872095.jpg,1
2831388.jpg,1
2879740.jpg,3
2902618.jpg,5
2868046.jpg,1
2786169.jpg,1
2849781.jpg,1
2849843.jpg,1
2782252.jpg,1
2874364.jpg,2
2839576.jpg,5
2804607.jpg,1
2794349.jpg,1
2810764.jpg,1
2891670.jpg,2
2837596.jpg,1
2841553.jpg,1
2882836.jpg,3
2880348.jpg,5
1643884.jpg,4
2838513.jpg,3
2902668.jpg,5
2849490.jpg,3
2806735.jpg,1
2881155.jpg,3
2814819.jpg,5
2890366.jpg,1
2743442.jpg,2
2490867.jpg,4
2880258.jpg,1
2787574.jpg,2
2900655.jpg,5
2814949.jpg,1
2816940.jpg,1
2888504.jpg,1
677115.jpg,4
2825112.jpg,5
2806736.jpg,5
2713758.jpg,2
2890375.jpg,1
1347118.jpg,4
2856038.jpg,1
2311980.jpg,4
2154070.jpg,2
2853956.jpg,1
2843735.jpg,5
2827306.jpg,1
2788354.jpg,1
2896601.jpg,5
744614.jpg,4
2686717.jpg,4
2827189.jpg,1
2841633.jpg,1
1803344.jpg,4
2870047.jpg,1
2888362.jpg,1
2062578.jpg,2
2871200.jpg,3
2849338.jpg,3
2882313.jpg,1
2780168.jpg,5
2083308.jpg,2
2810652.jpg,2
2892548.jpg,5
2798484.jpg,1
2878269.jpg,1
1407291.jpg,4
2882240.jpg,5
1098729.jpg,4
2720151.jpg,2
2845675.jpg,1
2892495.jpg,1
2878166.jpg,3
2849835.jpg,1
2786149.jpg,1
977738.jpg,4
2792362.jpg,1
2888293.jpg,2
924992.jpg,2
2867910.jpg,3
891264.jpg,4
2784167.jpg,1
2884549.jpg,2
2796406.jpg,1
1495101.jpg,2
2903674.jpg,2
2792415.jpg,1
2900186.jpg,3
2771875.jpg,2
2849891.jpg,5
2835366.jpg,5
2847765.jpg,1
2892416.jpg,1
2674163.jpg,2
2816987.jpg,5
2884627.jpg,3
2839536.jpg,1
1013663.jpg,4
2026182.jpg,4
2860160.jpg,5
2825235.jpg,5
2812881.jpg,1
2780197.jpg,5
2860163.jpg,1
1923069.jpg,4
2897520.jpg,3
2868161.jpg,1
2835516.jpg,1
2788691.jpg,2
2872268.jpg,2
2806674.jpg,5
2798411.jpg,1
2901151.jpg,2
2855958.jpg,1
2742201.jpg,2
2843709.jpg,5
1334845.jpg,2
2831382.jpg,5
2894524.jpg,1
2842925.jpg,3
905591.jpg,2
2840926.jpg,2
2870020.jpg,1
2849382.jpg,3
2796338.jpg,5
1228212.jpg,4
2868160.jpg,1
2860280.jpg,2
2886366.jpg,1
2899231.jpg,3
2892465.jpg,1
2894481.jpg,5
2010126.jpg,2
2782661.jpg,2
703634.jpg,4
2890373.jpg,1
2861854.jpg,3
2788286.jpg,1
2852940.jpg,2
2780166.jpg,5
2858053.jpg,1
1145055.jpg,2
2780111.jpg,1
2788223.jpg,1
2878255.jpg,1
2705724.jpg,2
2864008.jpg,1
2886375.jpg,1
2898397.jpg,3
2246769.jpg,2
2843724.jpg,1
2868775.jpg,3
1243678.jpg,4
2802495.jpg,1
2812765.jpg,1
953465.jpg,4
2855934.jpg,1
2825203.jpg,5
2053702.jpg,4
2663247.jpg,2
2880318.jpg,5
2802554.jpg,1
2856001.jpg,1
2794309.jpg,1
2850537.jpg,2
2324910.jpg,4
2871876.jpg,3
2845753.jpg,3
2814870.jpg,1
2833409.jpg,1
2864019.jpg,5
2816932.jpg,1
2900601.jpg,3
2892410.jpg,5
2823105.jpg,1
1296489.jpg,2
2870079.jpg,1
2769774.jpg,2
2843631.jpg,1
2876149.jpg,5
2802586.jpg,5
2831294.jpg,5
2788239.jpg,1
2874217.jpg,2
2886788.jpg,3
2886445.jpg,1
2888716.jpg,3
2784190.jpg,1
2876187.jpg,5
2833297.jpg,5
2825265.jpg,1
1807377.jpg,2
2880264.jpg,1
2851004.jpg,3
2892463.jpg,1
2788244.jpg,1
2864232.jpg,2
2843634.jpg,5
2879771.jpg,2
2892421.jpg,3
2904614.jpg,5
2841598.jpg,5
2794434.jpg,1
2885355.jpg,3
2806690.jpg,1
2902664.jpg,1
2798421.jpg,1
2902626.jpg,5
2742682.jpg,4
2816918.jpg,5
2859434.jpg,3
2792338.jpg,5
2862076.jpg,3
2804499.jpg,2
2867434.jpg,2
2816784.jpg,2
2810762.jpg,1
2845451.jpg,3
2818981.jpg,5
688220.jpg,4
2860779.jpg,2
2857719.jpg,3
2889226.jpg,2
2100614.jpg,4
2633987.jpg,2
2804614.jpg,1
2816857.jpg,5
2847673.jpg,1
2808665.jpg,5
2691285.jpg,2
1323417.jpg,4
2880236.jpg,1
2808051.jpg,2
2902016.jpg,3
2835533.jpg,5
2853973.jpg,1
2900656.jpg,5
2825182.jpg,1
2870005.jpg,1
2892470.jpg,1
2835453.jpg,1
2812797.jpg,1
2882006.jpg,3
2886466.jpg,5
2814894.jpg,5
2882026.jpg,3
2572203.jpg,4
2827219.jpg,1
2782273.jpg,5
2898533.jpg,1
2067446.jpg,2
2892497.jpg,1
2819071.jpg,1
2491409.jpg,4
2839638.jpg,5
2154895.jpg,4
2464993.jpg,4
953101.jpg,4
2479209.jpg,2
1196296.jpg,4
2892305.jpg,2
2835488.jpg,1
2868765.jpg,3
2826667.jpg,2
2833466.jpg,1
2728883.jpg,2
2901346.jpg,3
2856006.jpg,1
2868051.jpg,1
2872129.jpg,1
2839908.jpg,3
2894474.jpg,5
2880905.jpg,3
2866016.jpg,5
2817678.jpg,2
2873287.jpg,3
2902694.jpg,1
2843717.jpg,1
2852473.jpg,3
2864015.jpg,5
2829404.jpg,1
2798420.jpg,1
2808662.jpg,1
2870068.jpg,5
2839514.jpg,1
2802514.jpg,1
2784215.jpg,1
2894525.jpg,1
2800497.jpg,5
2853972.jpg,1
2818902.jpg,5
2886460.jpg,1
2898616.jpg,1
2862625.jpg,2
2870049.jpg,1
2906254.jpg,3
2835481.jpg,1
2843747.jpg,1
953486.jpg,4
2288559.jpg,4
2902622.jpg,5
2825100.jpg,1
2835523.jpg,1
2894309.jpg,2
2874361.jpg,2
2800666.jpg,4
1889167.jpg,4
2792290.jpg,5
2895515.jpg,3
1747619.jpg,4
2808750.jpg,1
2746686.jpg,2
2853996.jpg,5
2862611.jpg,2
2808704.jpg,5
1213620.jpg,4
1333612.jpg,2
2884501.jpg,3
2810783.jpg,1
2907011.jpg,3
2845781.jpg,1
2827242.jpg,1
2771878.jpg,2
2819339.jpg,4
2884360.jpg,3
2835480.jpg,1
2270327.jpg,4
2784180.jpg,1
2833450.jpg,1
2831325.jpg,5
2842671.jpg,2
2824356.jpg,2
2892417.jpg,5
2798467.jpg,5
2829294.jpg,5
2884550.jpg,2
2870038.jpg,1
2704854.jpg,2
2904576.jpg,5
2842327.jpg,2
2806713.jpg,5
677555.jpg,4
2872233.jpg,3
2806660.jpg,1
2893731.jpg,3
1747670.jpg,4
2907927.jpg,3
2829344.jpg,5
2902712.jpg,1
1127237.jpg,2
2841709.jpg,1
2794322.jpg,1
2862174.jpg,5
745844.jpg,4
2879741.jpg,2
2849912.jpg,5
2800571.jpg,5
2845741.jpg,5
2898564.jpg,5
2857477.jpg,2
2891196.jpg,3
2872158.jpg,1
1318952.jpg,4
2874166.jpg,1
2847687.jpg,1
2453256.jpg,4
2878594.jpg,3
2878197.jpg,5
2884335.jpg,5
2697216.jpg,2
2814953.jpg,1
1547632.jpg,4
2740632.jpg,2
2809767.jpg,2
2851798.jpg,5
2107455.jpg,2
2851803.jpg,5
2818799.jpg,2
2890926.jpg,3
2902628.jpg,1
2894506.jpg,5
1825937.jpg,4
2786246.jpg,5
2894478.jpg,1
2872098.jpg,1
2819005.jpg,1
619964.jpg,2
2812869.jpg,1
2100453.jpg,2
633188.jpg,4
2814895.jpg,5
2808737.jpg,1
2792419.jpg,1
2902573.jpg,1
2880260.jpg,1
2837632.jpg,5
2860111.jpg,1
2864037.jpg,1
2786150.jpg,1
2819083.jpg,1
2837680.jpg,2
1599544.jpg,4
2866121.jpg,1
2786215.jpg,1
2697206.jpg,2
2907596.jpg,3
2800427.jpg,1
2847682.jpg,1
2839535.jpg,3
2808756.jpg,1
2336197.jpg,2
2845713.jpg,5
1014573.jpg,4
2882305.jpg,1
2825227.jpg,1
2886337.jpg,1
2825093.jpg,5
2828879.jpg,2
615655.jpg,4
2903811.jpg,3
1689410.jpg,2
2800592.jpg,1
2782167.jpg,5
2876186.jpg,1
2907997.jpg,3
2863927.jpg,3
2784168.jpg,1
2796408.jpg,5
2882365.jpg,1
2860056.jpg,5
2837292.jpg,3
2786180.jpg,5
2863569.jpg,3
1603687.jpg,4
2870552.jpg,3
2366012.jpg,2
2109946.jpg,2
2903678.jpg,2
2856086.jpg,5
2837384.jpg,3
2841546.jpg,1
2868330.jpg,3
2839955.jpg,3
2687909.jpg,2
2786136.jpg,1
751932.jpg,2
2855679.jpg,2
2894575.jpg,5
2814862.jpg,1
2856018.jpg,5
2859713.jpg,3
2697209.jpg,2
636291.jpg,4
2774406.jpg,2
2845737.jpg,1
2853114.jpg,2
1582760.jpg,4
2156629.jpg,4
2837960.jpg,3
2705697.jpg,2
2802506.jpg,1
2880303.jpg,1
1900237.jpg,4
2876365.jpg,2
2901435.jpg,3
2798434.jpg,5
2794331.jpg,5
2882048.jpg,4
2884173.jpg,3
2827226.jpg,5
2808746.jpg,5
2866540.jpg,3
2864168.jpg,5
1334853.jpg,2
2144601.jpg,4
2833342.jpg,5
2741690.jpg,2
2878155.jpg,1
2876961.jpg,2
2855048.jpg,3
2139308.jpg,4
2777434.jpg,4
2835499.jpg,1
2831274.jpg,5
2898553.jpg,5
2885541.jpg,3
1166653.jpg,4
2266165.jpg,4
2890619.jpg,3
2898567.jpg,5
2513322.jpg,2
2888484.jpg,5
2804748.jpg,5
2802568.jpg,1
2802609.jpg,5
2841644.jpg,5
2862145.jpg,1
2860055.jpg,5
2808802.jpg,1
2823060.jpg,1
2865520.jpg,3
2904643.jpg,1
2868413.jpg,3
2842253.jpg,2
2678249.jpg,4
2878221.jpg,1
619244.jpg,2
2829319.jpg,5
2853971.jpg,1
2903564.jpg,3
2467913.jpg,4
2902793.jpg,2
2831408.jpg,1
2845800.jpg,1
2806760.jpg,5
2702768.jpg,2
2859590.jpg,2
2899193.jpg,3
2821190.jpg,1
2827252.jpg,1
1281039.jpg,4
2843603.jpg,5
2878250.jpg,5
2752768.jpg,2
2662684.jpg,2
2835465.jpg,1
2898511.jpg,5
1646162.jpg,4
2872160.jpg,1
2877214.jpg,3
2856067.jpg,3
2800442.jpg,5
2844287.jpg,3
2806641.jpg,1
2835549.jpg,1
2862044.jpg,5
2858881.jpg,3
2807301.jpg,2
2816805.jpg,5
2851826.jpg,1
2856053.jpg,5
2892735.jpg,3
2894492.jpg,5
1842723.jpg,4
2839620.jpg,5
2819053.jpg,5
2904620.jpg,5
1886879.jpg,4
2868599.jpg,3
2816885.jpg,1
2900298.jpg,3
2895338.jpg,3
2893281.jpg,3
2892499.jpg,1
1905593.jpg,2
2822684.jpg,2
2878152.jpg,1
2878247.jpg,5
658029.jpg,2
2829408.jpg,5
2721836.jpg,2
2855917.jpg,5
1877285.jpg,4
2888363.jpg,5
2904458.jpg,2
2827193.jpg,1
2900590.jpg,3
2882304.jpg,1
2786190.jpg,1
2864023.jpg,1
2827269.jpg,5
2860168.jpg,1
2853155.jpg,2
2666333.jpg,2
2903497.jpg,2
2712385.jpg,2
2794312.jpg,1
2784157.jpg,1
2786139.jpg,5
2741691.jpg,2
2841621.jpg,1
2853892.jpg,1
2823174.jpg,1
2844059.jpg,3
2886350.jpg,1
2627587.jpg,4
2077990.jpg,2
2068048.jpg,4
2824860.jpg,2
2835373.jpg,1
2855997.jpg,1
2345952.jpg,2
2852476.jpg,3
2808677.jpg,1
2713270.jpg,2
2213557.jpg,2
2638488.jpg,4
2898914.jpg,3
2802671.jpg,1
2804612.jpg,1
2000408.jpg,4
2860026.jpg,1
2837300.jpg,3
1466639.jpg,2
2782166.jpg,5
2466155.jpg,4
2812785.jpg,1
2898509.jpg,5
2841564.jpg,5
2790400.jpg,5
2874054.jpg,1
946032.jpg,4
2896586.jpg,5
2808541.jpg,2
885753.jpg,2
2806601.jpg,1
1830278.jpg,4
2792301.jpg,1
2798449.jpg,5
2892535.jpg,1
634104.jpg,4
2879997.jpg,3
2616389.jpg,4
2149653.jpg,2
2240083.jpg,4
2896491.jpg,1
2802526.jpg,1
2814809.jpg,5
2711869.jpg,2
2831422.jpg,1
2852464.jpg,3
2796388.jpg,1
2794388.jpg,1
2806696.jpg,5
2816905.jpg,1
2892390.jpg,5
2849819.jpg,5
2861313.jpg,3
2167913.jpg,2
2826674.jpg,2
2904640.jpg,5
2823228.jpg,1
2818926.jpg,1
2872864.jpg,3
2853965.jpg,1
936818.jpg,4
674708.jpg,4
2798454.jpg,5
2818988.jpg,1
2432556.jpg,4
2497188.jpg,2
2839958.jpg,3
2670983.jpg,2
2891507.jpg,2
2903677.jpg,2
2631909.jpg,4
2780213.jpg,1
2876111.jpg,1
2833492.jpg,1
620613.jpg,4
2880231.jpg,5
2816839.jpg,5
2808743.jpg,5
1581712.jpg,4
2823091.jpg,1
2824859.jpg,2
2454518.jpg,4
2609936.jpg,2
2716863.jpg,2
2860040.jpg,5
2802621.jpg,5
2868015.jpg,3
2831454.jpg,1
2798390.jpg,1
2800580.jpg,5
2841727.jpg,5
2848236.jpg,3
2872080.jpg,5
1903711.jpg,4
2804690.jpg,1
2856936.jpg,3
2713006.jpg,2
2845556.jpg,3
2833413.jpg,5
2825278.jpg,5
2827323.jpg,5
2890402.jpg,5
2908291.jpg,3
2798363.jpg,1
2892496.jpg,1
2845725.jpg,5
2884441.jpg,1
2888478.jpg,1
2825259.jpg,1
2213594.jpg,2
2849766.jpg,5
2710651.jpg,2
2898568.jpg,5
2806773.jpg,5
2720153.jpg,2
2894473.jpg,5
2827218.jpg,1
2909484.jpg,3
2843708.jpg,5
2778112.jpg,1
2900553.jpg,1
2816824.jpg,5
2907741.jpg,3
2841636.jpg,1
2802490.jpg,1
2857976.jpg,1
2076964.jpg,4
2366328.jpg,2
2903278.jpg,2
2853910.jpg,1
1241847.jpg,4
917165.jpg,4
2808674.jpg,5
2881873.jpg,2
2839541.jpg,1
2833470.jpg,1
2778093.jpg,1
2835467.jpg,1
2892506.jpg,1
2845695.jpg,1
2900596.jpg,1
2841584.jpg,1
2853907.jpg,1
2273891.jpg,4
1304657.jpg,4
2839661.jpg,5
2794420.jpg,1
2890079.jpg,2
2868006.jpg,5
2798452.jpg,5
2808755.jpg,1
2901437.jpg,3
2344254.jpg,2
2841642.jpg,5
2878202.jpg,1
2857717.jpg,3
2891625.jpg,3
2866011.jpg,1
2890372.jpg,1
2802665.jpg,1
2196336.jpg,2
2900556.jpg,5
2786164.jpg,1
2846339.jpg,3
2827175.jpg,5
2810796.jpg,1
1179687.jpg,4
2884444.jpg,1
2835535.jpg,5
2849799.jpg,1
2504684.jpg,2
2843463.jpg,2
2829225.jpg,5
1432395.jpg,2
628605.jpg,4
986137.jpg,4
2868080.jpg,5
2868050.jpg,1
2796337.jpg,5
2847863.jpg,2
633206.jpg,4
2873114.jpg,2
2847690.jpg,1
2074213.jpg,2
767678.jpg,4
2904585.jpg,1
2806613.jpg,1
1799247.jpg,4
2831302.jpg,5
2884435.jpg,1
2854319.jpg,3
2863013.jpg,3
2866024.jpg,5
2660628.jpg,4
2886400.jpg,1
2873009.jpg,2
2812870.jpg,1
2670214.jpg,2
2855930.jpg,1
2904697.jpg,1
2861122.jpg,3
2426767.jpg,2
2125162.jpg,4
2859331.jpg,3
677225.jpg,4
2862090.jpg,1
2864139.jpg,1
2890519.jpg,5
2850608.jpg,3
2363887.jpg,2
2621332.jpg,2
2827307.jpg,1
2866077.jpg,1
2733837.jpg,2
2825276.jpg,1
2808773.jpg,5
2835446.jpg,1
2790346.jpg,1
2839559.jpg,1
2860158.jpg,5
2788349.jpg,1
2597903.jpg,4
2853853.jpg,5
2423319.jpg,4
2900649.jpg,1
2883337.jpg,3
2663807.jpg,2
2794438.jpg,1
2704853.jpg,2
2851991.jpg,3
2903498.jpg,2
2883069.jpg,3
2860797.jpg,3
2847260.jpg,3
2904600.jpg,5
2855959.jpg,1
2868038.jpg,5
2844428.jpg,3
928893.jpg,4
2858882.jpg,3
2851816.jpg,1
2856473.jpg,4
2892801.jpg,3
2862628.jpg,2
2840690.jpg,2
2862153.jpg,5
2874142.jpg,1
2904645.jpg,5
2862012.jpg,1
1761496.jpg,4
2144973.jpg,2
2792414.jpg,5
2841731.jpg,1
2849848.jpg,3
1927616.jpg,4
2845792.jpg,1
2872404.jpg,3
2880230.jpg,1
2774420.jpg,2
2853247.jpg,3
2898525.jpg,5
2907017.jpg,3
2868108.jpg,5
2855945.jpg,5
2872101.jpg,1
2895733.jpg,3
2902599.jpg,1
2814884.jpg,1
2880924.jpg,2
2809688.jpg,2
2876177.jpg,1
2877980.jpg,3
2894521.jpg,1
2499642.jpg,2
2902671.jpg,5
2868115.jpg,5
2884410.jpg,3
2901518.jpg,3
2862634.jpg,2
723743.jpg,4
2426776.jpg,2
2155752.jpg,2
2863507.jpg,3
2686747.jpg,2
2846338.jpg,3
2809759.jpg,2
2804634.jpg,5
2744715.jpg,2
2814830.jpg,5
2888450.jpg,1
1318323.jpg,4
2841686.jpg,1
2808675.jpg,5
2874165.jpg,1
2884342.jpg,5
2835360.jpg,5
2877163.jpg,3
2890456.jpg,5
2866044.jpg,1
2405801.jpg,4
954663.jpg,4
2837609.jpg,1
2597253.jpg,4
2788241.jpg,1
2868002.jpg,5
663365.jpg,4
2888510.jpg,5
2807318.jpg,2
2810735.jpg,1
2868177.jpg,3
2872086.jpg,1
2899057.jpg,3
2871135.jpg,3
2812831.jpg,1
2904660.jpg,3
2334114.jpg,4
2880284.jpg,1
2876345.jpg,3
2845450.jpg,3
2829442.jpg,2
2843786.jpg,5
2853994.jpg,5
2821056.jpg,1
2816944.jpg,5
1528432.jpg,4
2892437.jpg,1
2870130.jpg,1
2849911.jpg,5
2874230.jpg,3
2872036.jpg,5
2894573.jpg,5
2860032.jpg,1
2888369.jpg,1
2713013.jpg,2
2438564.jpg,2
2856008.jpg,1
2870065.jpg,1
2829425.jpg,1
2877347.jpg,2
2792412.jpg,5
2654627.jpg,2
2047131.jpg,2
2827256.jpg,1
2847846.jpg,5
2800518.jpg,1
2835417.jpg,1
2784250.jpg,1
725088.jpg,2
953481.jpg,4
2888481.jpg,5
2843701.jpg,5
2894567.jpg,5
2798417.jpg,1
2798402.jpg,1
2800437.jpg,1
2794357.jpg,1
1145085.jpg,2
2802595.jpg,1
2456597.jpg,2
2909098.jpg,3
2818934.jpg,1
2843767.jpg,1
619973.jpg,2
2896553.jpg,1
2783824.jpg,2
2868004.jpg,5
2849919.jpg,1
2833329.jpg,5
2835460.jpg,1
2740782.jpg,2
967394.jpg,4
2802597.jpg,1
2796363.jpg,5
2366331.jpg,2
2870102.jpg,1
2816865.jpg,5
2858101.jpg,1
2794390.jpg,1
1004028.jpg,4
2896602.jpg,1
2897282.jpg,3
2792329.jpg,1
2784179.jpg,1
2835484.jpg,1
2835396.jpg,1
2902582.jpg,1
2904713.jpg,5
2869705.jpg,3
2853360.jpg,3
1624683.jpg,4
2902805.jpg,2
2473973.jpg,2
2802625.jpg,5
2802641.jpg,1
2897182.jpg,2
740845.jpg,4
765496.jpg,4
2851869.jpg,1
2541124.jpg,2
2788942.jpg,4
2864879.jpg,2
2887773.jpg,3
2845779.jpg,1
2903700.jpg,2
2816970.jpg,1
1385520.jpg,4
2436310.jpg,4
2809485.jpg,2
2366011.jpg,2
2900707.jpg,1
2163250.jpg,4
2806768.jpg,1
2808836.jpg,1
657375.jpg,4
2882373.jpg,5
2859715.jpg,3
2798516.jpg,1
2806657.jpg,5
2860583.jpg,3
2862627.jpg,2
950585.jpg,4
2839521.jpg,5
2839555.jpg,1
2783121.jpg,2
2818963.jpg,5
1935982.jpg,4
2199917.jpg,2
2184057.jpg,4
2876169.jpg,2
2790361.jpg,5
2880349.jpg,1
2883297.jpg,2
2810769.jpg,5
2806774.jpg,5
2872067.jpg,1
1830078.jpg,4
2900568.jpg,1
2845742.jpg,5
2782237.jpg,5
2780216.jpg,5
2825240.jpg,5
2770995.jpg,2
2856033.jpg,1
2794396.jpg,1
2470964.jpg,4
2246589.jpg,4
2861729.jpg,3
1574161.jpg,4
2843728.jpg,1
2857965.jpg,1
2863323.jpg,3
2816920.jpg,1
2880313.jpg,1
2860178.jpg,1
2796399.jpg,1
2857336.jpg,3
2823220.jpg,5
2790296.jpg,5
2847714.jpg,1
2864061.jpg,2
2902635.jpg,5
2842076.jpg,3
2847593.jpg,3
2163247.jpg,4
2855999.jpg,1
2794445.jpg,1
2116584.jpg,4
1125004.jpg,2
2868152.jpg,1
1124949.jpg,2
2798389.jpg,5
2051540.jpg,4
2616722.jpg,4
2835479.jpg,1
2840823.jpg,3
2784300.jpg,1
2810835.jpg,1
2863067.jpg,3
2798409.jpg,1
1815261.jpg,2
1507218.jpg,4
2870143.jpg,1
2866149.jpg,1
2858940.jpg,2
2849892.jpg,1
2562918.jpg,2
1787418.jpg,4
2833445.jpg,1
2825099.jpg,1
2875870.jpg,2
2782215.jpg,1
2892913.jpg,3
2566396.jpg,4
2842021.jpg,3
2849340.jpg,3
2840300.jpg,3
2872126.jpg,1
1570252.jpg,4
2840015.jpg,3
2816086.jpg,4
2839551.jpg,1
2778090.jpg,1
2891669.jpg,2
2839109.jpg,3
2780008.jpg,2
2020094.jpg,2
2900636.jpg,1
2831414.jpg,1
2784214.jpg,1
2851974.jpg,1
2888472.jpg,5
2212661.jpg,2
2838667.jpg,3
2825098.jpg,1
2843733.jpg,5
2806634.jpg,1
2888495.jpg,3
2448065.jpg,4
708981.jpg,4
2199205.jpg,2
751038.jpg,4
2896472.jpg,1
2907020.jpg,3
2882257.jpg,1
2843778.jpg,1
2882158.jpg,3
2825622.jpg,2
2800439.jpg,1
1996135.jpg,4
2862146.jpg,1
2886364.jpg,3
709508.jpg,4
2896596.jpg,5
2566698.jpg,4
2892438.jpg,1
2857975.jpg,1
2867385.jpg,2
2812815.jpg,1
2213022.jpg,4
2850552.jpg,3
2814707.jpg,2
2855992.jpg,1
2612285.jpg,2
2453074.jpg,4
2837640.jpg,1
2690851.jpg,2
2851928.jpg,1
2476298.jpg,4
2778091.jpg,1
2880227.jpg,1
2831345.jpg,1
2833478.jpg,5
2877845.jpg,3
2791673.jpg,2
2806717.jpg,5
2902387.jpg,3
2802589.jpg,1
2870067.jpg,5
2061838.jpg,2
2890524.jpg,5
2847699.jpg,5
2872141.jpg,1
878940.jpg,4
751042.jpg,4
2908293.jpg,3
2798466.jpg,5
586786.jpg,4
2873511.jpg,3
2812902.jpg,1
2814820.jpg,1
2819584.jpg,2
928065.jpg,4
2855927.jpg,1
2897216.jpg,3
2884332.jpg,1
2896480.jpg,1
2901961.jpg,3
2847768.jpg,1
2810849.jpg,5
2880222.jpg,1
2845047.jpg,3
2871977.jpg,3
1466643.jpg,2
2868719.jpg,3
2906368.jpg,3
2806632.jpg,1
2894527.jpg,1
2833463.jpg,1
2825225.jpg,1
1874750.jpg,4
2796403.jpg,1
2655233.jpg,4
2841646.jpg,5
2818912.jpg,1
1690641.jpg,4
2898548.jpg,5
2892503.jpg,1
2807543.jpg,2
2802627.jpg,5
2880420.jpg,4
961864.jpg,4
2790258.jpg,5
2898547.jpg,5
2786153.jpg,1
2784217.jpg,1
2835416.jpg,1
2903461.jpg,2
2806668.jpg,1
2547522.jpg,4
2876638.jpg,3
2870132.jpg,5
2902568.jpg,1
2865611.jpg,2
2882019.jpg,3
2882710.jpg,3
1162668.jpg,4
2875075.jpg,2
2843628.jpg,1
1962341.jpg,4
1651137.jpg,4
2819039.jpg,1
2825195.jpg,1
1798575.jpg,4
2851823.jpg,1
2773598.jpg,2
953310.jpg,4
2872590.jpg,3
728055.jpg,4
2638485.jpg,4
2656142.jpg,4
2894482.jpg,1
2107324.jpg,2
2798450.jpg,1
2851832.jpg,5
2864086.jpg,1
2784287.jpg,1
2853331.jpg,2
2876129.jpg,1
670844.jpg,4
689834.jpg,4
2898557.jpg,1
2701955.jpg,2
2837550.jpg,1
1210069.jpg,4
2880919.jpg,2
2874112.jpg,5
1001804.jpg,2
2868105.jpg,5
2900557.jpg,5
2565518.jpg,4
2817149.jpg,2
2902676.jpg,1
2864048.jpg,1
2788298.jpg,1
2840649.jpg,3
2790410.jpg,1
1817229.jpg,4
2847820.jpg,1
2860809.jpg,2
2683979.jpg,2
2833468.jpg,1
2865029.jpg,3
2896239.jpg,3
2873774.jpg,2
2812779.jpg,1
2906671.jpg,2
2843736.jpg,5
2778086.jpg,1
2012366.jpg,2
2838589.jpg,3
2827299.jpg,1
2841573.jpg,1
2855921.jpg,1
2847713.jpg,1
628405.jpg,2
2829324.jpg,1
2829235.jpg,1
2307976.jpg,2
2835428.jpg,1
2831430.jpg,1
2802572.jpg,1
1567498.jpg,4
2796494.jpg,5
2847798.jpg,5
1684591.jpg,4
2710295.jpg,2
2847791.jpg,5
2780175.jpg,1
2835371.jpg,1
2804656.jpg,1
2744085.jpg,2
2851961.jpg,1
2790397.jpg,5
2788280.jpg,1
2672958.jpg,2
2810732.jpg,1
2840839.jpg,3
2866122.jpg,1
2833484.jpg,5
697552.jpg,4
2883431.jpg,3
2831282.jpg,5
1454150.jpg,4
2861833.jpg,4
2870056.jpg,1
2866161.jpg,5
2851822.jpg,5
2798782.jpg,4
2866113.jpg,5
2823206.jpg,1
2677728.jpg,2
2909043.jpg,3
1182765.jpg,4
2829415.jpg,5
1843993.jpg,4
2839632.jpg,1
2798461.jpg,5
2596742.jpg,4
2823063.jpg,1
2903006.jpg,3
2663809.jpg,2
2819073.jpg,1
2810839.jpg,1
1597498.jpg,2
2890422.jpg,1
2843782.jpg,1
2843727.jpg,1
2866058.jpg,1
2859195.jpg,2
1736130.jpg,2
2908475.jpg,3
2900544.jpg,5
2786134.jpg,1
809706.jpg,4
2864073.jpg,1
2872147.jpg,1
2833300.jpg,5
2814868.jpg,5
2843771.jpg,5
2868031.jpg,1
2794387.jpg,1
2841563.jpg,5
2692645.jpg,2
2204387.jpg,4
2825216.jpg,1
2849896.jpg,5
1898074.jpg,2
2850519.jpg,3
2789741.jpg,2
2644306.jpg,2
565155.jpg,4
2874587.jpg,3
2253363.jpg,2
2851370.jpg,2
1323257.jpg,2
885756.jpg,2
2888390.jpg,5
2865547.jpg,3
2837177.jpg,2
2812751.jpg,1
2037239.jpg,4
2837065.jpg,3
2872185.jpg,1
2847808.jpg,1
2868104.jpg,5
2857541.jpg,3
1315324.jpg,4
2866075.jpg,5
2878235.jpg,5
2415151.jpg,2
2866029.jpg,1
1818471.jpg,4
2903481.jpg,2
2795533.jpg,2
905367.jpg,4
2888350.jpg,1
2296567.jpg,4
2802341.jpg,4
2625293.jpg,4
2720146.jpg,2
2838588.jpg,3
2906369.jpg,3
1387869.jpg,4
2797079.jpg,2
1056555.jpg,2
2840014.jpg,3
2891035.jpg,3
2827233.jpg,1
2849850.jpg,1
2798493.jpg,1
2790319.jpg,1
2841716.jpg,1
2862130.jpg,1
2849797.jpg,5
2866056.jpg,1
2823082.jpg,5
2898542.jpg,5
1679247.jpg,4
2868332.jpg,3
2772023.jpg,2
2875053.jpg,3
2806602.jpg,1
2788290.jpg,1
2886363.jpg,3
2902606.jpg,1
2823121.jpg,5
1613703.jpg,4
2806731.jpg,5
2888447.jpg,1
2892432.jpg,1
795508.jpg,4
2864031.jpg,1
1537918.jpg,2
2892404.jpg,1
2788212.jpg,1
2810894.jpg,1
2827312.jpg,1
2804667.jpg,1
2710658.jpg,2
2904635.jpg,5
1119685.jpg,2
2860142.jpg,1
2860798.jpg,3
2839547.jpg,1
1905587.jpg,2
2837857.jpg,3
1371651.jpg,4
2841590.jpg,1
2897540.jpg,3
2860947.jpg,2
2806766.jpg,1
1760334.jpg,4
2454284.jpg,4
2892418.jpg,1
2904730.jpg,3
2835468.jpg,1
2806783.jpg,1
2881544.jpg,3
2837902.jpg,2
2847729.jpg,1
2796458.jpg,5
2800528.jpg,1
2788326.jpg,1
2812922.jpg,1
1621489.jpg,4
2806647.jpg,1
2798408.jpg,1
1155246.jpg,4
2874098.jpg,5
2878252.jpg,5
2792365.jpg,1
637847.jpg,4
2827225.jpg,5
2843638.jpg,1
762412.jpg,4
2877613.jpg,3
2835546.jpg,1
660921.jpg,4
2737488.jpg,2
2837600.jpg,1
2876199.jpg,1
2782158.jpg,2
2784267.jpg,1
2049180.jpg,4
2335454.jpg,2
2909099.jpg,3
1124951.jpg,2
679805.jpg,4
994262.jpg,4
2845137.jpg,3
1079150.jpg,4
2870141.jpg,5
2794426.jpg,1
2872161.jpg,1
2816978.jpg,1
2900633.jpg,2
2823090.jpg,5
2810748.jpg,1
2806724.jpg,5
2899828.jpg,3
2874192.jpg,3
2884301.jpg,3
2847756.jpg,1
2235768.jpg,2
2668081.jpg,2
2863022.jpg,3
2890417.jpg,1
2890600.jpg,3
2853981.jpg,1
2900578.jpg,1
2897564.jpg,3
2829362.jpg,1
2898550.jpg,1
2296572.jpg,4
622360.jpg,2
2874194.jpg,5
2488682.jpg,4
2891441.jpg,3
2884433.jpg,1
2367049.jpg,4
2839654.jpg,5
2862578.jpg,3
2838607.jpg,3
2819034.jpg,1
2871351.jpg,3
2786181.jpg,5
2886440.jpg,1
2816860.jpg,1
2796420.jpg,1
2825122.jpg,5
1610327.jpg,4
2849772.jpg,5
2812915.jpg,1
2868764.jpg,3
2774401.jpg,2
2876301.jpg,3
2860414.jpg,3
2598312.jpg,4
2149588.jpg,2
2872169.jpg,1
2818925.jpg,1
2847757.jpg,1
901930.jpg,4
2829335.jpg,5
1587448.jpg,4
2835444.jpg,1
2860702.jpg,2
2851967.jpg,1
2894579.jpg,3
2159864.jpg,2
2794356.jpg,5
2821161.jpg,5
2903056.jpg,3
1095624.jpg,4
2858013.jpg,5
2845842.jpg,1
2804637.jpg,1
1127233.jpg,2
2896394.jpg,2
2900406.jpg,3
2792382.jpg,1
2877113.jpg,3
2886422.jpg,1
2855947.jpg,1
2866033.jpg,1
1821951.jpg,4
2790236.jpg,5
1460756.jpg,4
2882370.jpg,1
2862025.jpg,1
2838371.jpg,3
2837988.jpg,2
2843700.jpg,5
2843693.jpg,1
2812754.jpg,5
2367951.jpg,2
2691289.jpg,2
800881.jpg,4
2835530.jpg,5
1641472.jpg,4
2823223.jpg,5
2882044.jpg,3
2854870.jpg,4
2890531.jpg,1
2849787.jpg,1
2782274.jpg,5
2868691.jpg,3
2710292.jpg,2
2802491.jpg,1
2868044.jpg,1
2851933.jpg,1
2894468.jpg,5
2547162.jpg,4
2904612.jpg,5
2849842.jpg,1
2872189.jpg,1
2903676.jpg,2
2840529.jpg,3
2038862.jpg,2
2806612.jpg,1
1555119.jpg,4
2885075.jpg,3
2900676.jpg,5
2810527.jpg,2
2886382.jpg,1
2894570.jpg,5
2837618.jpg,1
2784221.jpg,5
2874167.jpg,1
2784210.jpg,1
2900763.jpg,3
2808742.jpg,5
2875238.jpg,2
2786216.jpg,1
2849815.jpg,5
2806702.jpg,5
630880.jpg,4
2833377.jpg,2
2889346.jpg,3
337456.jpg,2
2823122.jpg,5
2846388.jpg,2
2900577.jpg,1
1632417.jpg,4
2816887.jpg,1
2857688.jpg,3
2859828.jpg,3
2877114.jpg,3
2359987.jpg,4
2870133.jpg,5
2830831.jpg,2
2844369.jpg,3
2804504.jpg,2
2868028.jpg,5
2908818.jpg,3
2794451.jpg,1
2853900.jpg,5
2863936.jpg,3
2806756.jpg,2
2585228.jpg,4
2835483.jpg,1
2810897.jpg,1
2858052.jpg,1
2856709.jpg,3
2825956.jpg,2
1884171.jpg,4
2788234.jpg,1
2814981.jpg,5
2782233.jpg,1
2881854.jpg,2
2788329.jpg,1
2882037.jpg,3
2800438.jpg,1
2806101.jpg,2
2822417.jpg,2
2849790.jpg,1
2857974.jpg,5
1333613.jpg,2
2819003.jpg,1
2806746.jpg,1
2860146.jpg,1
2870010.jpg,1
2845134.jpg,3
2876156.jpg,2
1003035.jpg,2
1489274.jpg,4
2800581.jpg,1
2843729.jpg,5
2796394.jpg,5
2891442.jpg,3
2898530.jpg,1
2844568.jpg,3
2802601.jpg,5
2864128.jpg,5
2854320.jpg,3
2876181.jpg,5
2842885.jpg,3
2083310.jpg,2
2843663.jpg,5
2897935.jpg,3
2863890.jpg,2
1809796.jpg,2
2863837.jpg,2
2841631.jpg,1
2839580.jpg,5
2865797.jpg,3
2837577.jpg,5
2834292.jpg,2
1126799.jpg,4
2890522.jpg,1
2800419.jpg,5
2816916.jpg,5
2807377.jpg,2
2839480.jpg,1
1010906.jpg,4
2858120.jpg,5
2837736.jpg,3
2823297.jpg,2
1008439.jpg,2
2860059.jpg,1
2808761.jpg,5
2838584.jpg,3
633207.jpg,4
2841568.jpg,1
2882288.jpg,5
2784220.jpg,5
2827276.jpg,1
2780005.jpg,2
929280.jpg,4
2849894.jpg,5
2896477.jpg,5
2050674.jpg,4
2827166.jpg,5
2806734.jpg,1
2854812.jpg,3
2816960.jpg,1
2845849.jpg,5
2816881.jpg,5
2798406.jpg,1
2879235.jpg,3
2860047.jpg,3
2426783.jpg,2
2447335.jpg,4
2898522.jpg,1
2802666.jpg,1
2900660.jpg,5
2821085.jpg,1
2823074.jpg,1
2890452.jpg,5
2181745.jpg,2
1589996.jpg,4
2896821.jpg,3
2878277.jpg,1
2866153.jpg,1
2680313.jpg,2
2894453.jpg,5
2880903.jpg,3
2810857.jpg,1
2796462.jpg,1
2858879.jpg,3
2508452.jpg,4
2851814.jpg,5
2786263.jpg,1
2744601.jpg,2
2857499.jpg,2
2878177.jpg,5
2838594.jpg,3
2816852.jpg,1
2398928.jpg,4
2894501.jpg,1
921001.jpg,4
2890618.jpg,3
2841696.jpg,5
2833476.jpg,5
2873041.jpg,3
2874135.jpg,1
299796.jpg,2
2903464.jpg,2
2892426.jpg,1
2837601.jpg,1
2894574.jpg,5
2632210.jpg,2
2798524.jpg,1
2707652.jpg,2
2835434.jpg,1
2831458.jpg,1
1723449.jpg,2
2798492.jpg,1
2816835.jpg,5
2788237.jpg,5
1574177.jpg,4
2804758.jpg,1
2350818.jpg,4
2823067.jpg,1
2909044.jpg,3
905074.jpg,4
2831343.jpg,1
2279386.jpg,2
2890467.jpg,5
2812911.jpg,1
2782281.jpg,1
2701542.jpg,2
2900554.jpg,1
2790241.jpg,1
2806711.jpg,5
2907792.jpg,3
2900571.jpg,1
2898636.jpg,5
2835393.jpg,2
2839540.jpg,1
2806683.jpg,1
2804659.jpg,1
1811153.jpg,4
2850460.jpg,3
2844057.jpg,3
2863827.jpg,3
1881977.jpg,4
2798418.jpg,1
2837777.jpg,2
2864154.jpg,1
1703370.jpg,4
2864036.jpg,1
2853976.jpg,1
2666175.jpg,2
2838515.jpg,3
2874188.jpg,5
2857374.jpg,3
1276217.jpg,4
2073703.jpg,2
1721195.jpg,2
2702569.jpg,2
2875759.jpg,3
2882311.jpg,1
2765425.jpg,2
2865522.jpg,3
2842482.jpg,3
2884320.jpg,5
2804660.jpg,5
2902006.jpg,3
2843880.jpg,3
2819054.jpg,5
2901959.jpg,3
2860008.jpg,5
2868057.jpg,1
2893171.jpg,3
2808793.jpg,1
2845739.jpg,5
2906608.jpg,3
1114376.jpg,4
2860279.jpg,2
2892046.jpg,3
1416049.jpg,4
2870053.jpg,1
2831378.jpg,5
2786271.jpg,1
2878314.jpg,1
2851957.jpg,1
712668.jpg,4
2843777.jpg,5
2796390.jpg,5
2843626.jpg,2
2120752.jpg,4
2784251.jpg,1
2847815.jpg,1
921003.jpg,4
2806710.jpg,1
2812752.jpg,5
2805770.jpg,2
2656405.jpg,4
2904583.jpg,5
608667.jpg,4
2892490.jpg,5
2821017.jpg,1
2794400.jpg,1
2146576.jpg,2
2853903.jpg,5
2825194.jpg,1
2862143.jpg,1
2796480.jpg,5
2831393.jpg,1
2241800.jpg,4
2804718.jpg,1
2818948.jpg,1
2504765.jpg,2
2903715.jpg,2
2864087.jpg,1
2788282.jpg,5
2864090.jpg,5
1954037.jpg,4
2837655.jpg,1
2862613.jpg,2
2147836.jpg,2
2184605.jpg,2
2859468.jpg,3
2810818.jpg,1
2790312.jpg,1
2886459.jpg,1
2601152.jpg,2
2804632.jpg,5
2851813.jpg,5
2853323.jpg,2
629372.jpg,4
2858115.jpg,1
2872137.jpg,5
2782240.jpg,1
2882222.jpg,5
2826672.jpg,2
952518.jpg,4
2866162.jpg,1
2818911.jpg,1
2902602.jpg,5
2831328.jpg,1
2782214.jpg,1
2851564.jpg,3
2890362.jpg,5
2812810.jpg,1
2907742.jpg,3
2802642.jpg,1
2810814.jpg,5
2367989.jpg,2
2833469.jpg,1
2792320.jpg,5
2904577.jpg,1
2889931.jpg,3
2863077.jpg,3
2821013.jpg,1
772368.jpg,4
2898695.jpg,3
2892489.jpg,5
1188084.jpg,4
2849869.jpg,1
2770996.jpg,2
2810788.jpg,5
2812799.jpg,1
2894327.jpg,3
2808676.jpg,5
2513900.jpg,4
2804646.jpg,5
2902638.jpg,5
1565611.jpg,4
2888474.jpg,1
2896449.jpg,5
2904775.jpg,2
2869057.jpg,3
2839568.jpg,1
2455115.jpg,4
2860788.jpg,3
2837551.jpg,1
2816838.jpg,5
2874158.jpg,1
2612286.jpg,2
2902686.jpg,5
2898517.jpg,1
2806664.jpg,5
2856003.jpg,1
2837652.jpg,1
2804516.jpg,2
2876160.jpg,1
2794404.jpg,1
2888497.jpg,1
2876196.jpg,1
2792385.jpg,1
2879221.jpg,3
2895143.jpg,3
2806697.jpg,5
2728642.jpg,2
2697971.jpg,4
2901729.jpg,3
2839590.jpg,5
2825303.jpg,2
2894491.jpg,5
2894590.jpg,1
2837856.jpg,3
2853794.jpg,3
2884843.jpg,3
2663808.jpg,2
2687145.jpg,2
1239193.jpg,4
2827289.jpg,1
2491036.jpg,4
619248.jpg,2
2845702.jpg,1
2843600.jpg,5
2798414.jpg,1
2831373.jpg,1
2859989.jpg,3
2860135.jpg,1
2884341.jpg,1
2873775.jpg,2
2506918.jpg,4
2859477.jpg,3
2790350.jpg,1
2786183.jpg,1
2826668.jpg,2
2883242.jpg,2
2884842.jpg,3
2891194.jpg,3
1416529.jpg,4
2101907.jpg,2
2195391.jpg,4
2438567.jpg,2
2898393.jpg,3
2906366.jpg,3
2146348.jpg,4
2704846.jpg,2
2868017.jpg,3
2880325.jpg,2
2782170.jpg,1
2845138.jpg,3
2844921.jpg,2
2792441.jpg,1
2839201.jpg,4
2853335.jpg,2
2897942.jpg,3
2893283.jpg,3
645131.jpg,4
2863887.jpg,2
2806753.jpg,5
2853165.jpg,2
2636061.jpg,2
2893587.jpg,2
2808707.jpg,5
2889379.jpg,3
2855969.jpg,1
2894589.jpg,1
625349.jpg,4
2888392.jpg,5
2898587.jpg,1
1569516.jpg,4
2902278.jpg,2
2838546.jpg,3
2816982.jpg,1
2788264.jpg,1
1005343.jpg,2
2904642.jpg,1
1546450.jpg,4
2044163.jpg,2
2829279.jpg,5
861023.jpg,4
2831417.jpg,1
2855133.jpg,3
2853863.jpg,4
2782258.jpg,1
2833373.jpg,5
2862040.jpg,1
2895139.jpg,3
2472667.jpg,2
2704485.jpg,4
2810766.jpg,5
2500920.jpg,4
2829284.jpg,1
2790353.jpg,1
2908848.jpg,3
2839550.jpg,1
2845715.jpg,1
2903689.jpg,2
2821040.jpg,5
1776853.jpg,4
2892298.jpg,2
2851825.jpg,1
2894581.jpg,3
2786220.jpg,1
2094634.jpg,2
2595961.jpg,2
2852892.jpg,2
2845803.jpg,1
1264679.jpg,4
2839600.jpg,1
2886368.jpg,1
1652669.jpg,4
2904664.jpg,1
2823066.jpg,1
2810825.jpg,1
898904.jpg,2
2844408.jpg,3
2878552.jpg,4
2888479.jpg,1
2858121.jpg,1
2788340.jpg,5
632087.jpg,2
2865036.jpg,2
1440256.jpg,4
2827171.jpg,5
1120419.jpg,4
2307975.jpg,2
940280.jpg,4
2868869.jpg,3
2864088.jpg,1
2160112.jpg,4
2880216.jpg,1
1820874.jpg,4
888918.jpg,4
2790351.jpg,1
2780203.jpg,1
2551865.jpg,2
2851918.jpg,5
2774012.jpg,2
2648191.jpg,2
2850548.jpg,3
2814810.jpg,5
2819063.jpg,1
2863532.jpg,3
2816856.jpg,5
2886373.jpg,1
907161.jpg,2
2796350.jpg,5
2908214.jpg,3
2865519.jpg,3
2878193.jpg,1
2816913.jpg,1
2809507.jpg,2
1841985.jpg,4
2882267.jpg,1
2894469.jpg,1
1810512.jpg,4
2865703.jpg,2
1979552.jpg,4
2888509.jpg,5
2780207.jpg,1
2810807.jpg,5
2852950.jpg,2
2788324.jpg,1
2109948.jpg,2
2798373.jpg,1
2825164.jpg,2
2808819.jpg,1
2891683.jpg,2
2366326.jpg,2
2874117.jpg,1
2888361.jpg,5
2798378.jpg,5
2878496.jpg,2
2890834.jpg,2
2886419.jpg,5
2840840.jpg,3
2885397.jpg,3
2890364.jpg,5
1431400.jpg,4
2648192.jpg,2
2857691.jpg,3
2644051.jpg,2
2816904.jpg,1
2790298.jpg,1
2837858.jpg,3
2868143.jpg,1
2870093.jpg,5
2812926.jpg,1
1392030.jpg,4
2890451.jpg,5
2896508.jpg,1
619245.jpg,2
2764708.jpg,2
796519.jpg,2
2896504.jpg,5
2798413.jpg,1
2896490.jpg,1
2837798.jpg,2
2897575.jpg,3
674836.jpg,2
2804767.jpg,1
2603561.jpg,4
2878236.jpg,5
2862104.jpg,1
2784254.jpg,1
2862626.jpg,2
2900645.jpg,1
2845749.jpg,5
2831347.jpg,1
2233296.jpg,4
2901345.jpg,3
2702180.jpg,2
1048999.jpg,2
2825223.jpg,1
2825607.jpg,2
1551224.jpg,2
2156632.jpg,4
2841876.jpg,3
2837552.jpg,1
625746.jpg,2
1562606.jpg,4
2892494.jpg,1
2854003.jpg,5
2837510.jpg,5
2849834.jpg,1
2228236.jpg,4
1001524.jpg,4
2870118.jpg,5
2849901.jpg,5
2896588.jpg,5
2499240.jpg,2
2865940.jpg,3
2829233.jpg,5
2255990.jpg,4
2857716.jpg,3
2790251.jpg,5
2892504.jpg,1
2831428.jpg,1
1383916.jpg,4
2886378.jpg,3
2816820.jpg,5
2896549.jpg,5
2794462.jpg,1
2884419.jpg,3
2814813.jpg,5
2816967.jpg,1
2860818.jpg,2
2829359.jpg,1
2876165.jpg,1
2818898.jpg,1
2851833.jpg,5
2900419.jpg,3
2792438.jpg,1
621251.jpg,4
2831312.jpg,1
2893141.jpg,3
2858773.jpg,3
2872428.jpg,3
2812760.jpg,1
2818950.jpg,1
2438565.jpg,2
2840909.jpg,3
2788200.jpg,5
757399.jpg,2
2882264.jpg,2
2800459.jpg,1
2798456.jpg,5
2860102.jpg,1
1722616.jpg,4
2839509.jpg,5
2804757.jpg,1
1896125.jpg,4
2566475.jpg,2
2870043.jpg,1
2816955.jpg,5
2852914.jpg,2
2880220.jpg,1
2898499.jpg,1
2839508.jpg,5
703640.jpg,4
2491051.jpg,4
619242.jpg,2
725086.jpg,2
2886462.jpg,1
1443027.jpg,4
1905589.jpg,4
2810811.jpg,1
2852382.jpg,3
2903929.jpg,2
2897574.jpg,3
2865689.jpg,3
2804700.jpg,1
2853855.jpg,4
2788327.jpg,5
2896470.jpg,5
2884285.jpg,5
1882255.jpg,4
2800536.jpg,1
2870116.jpg,1
2868092.jpg,1
2804590.jpg,1
2880232.jpg,1
2874089.jpg,5
2796422.jpg,1
2826729.jpg,2
2896505.jpg,5
2903668.jpg,2
2766121.jpg,4
2798386.jpg,5
2829274.jpg,1
2888483.jpg,5
2786203.jpg,1
1830047.jpg,4
2907597.jpg,3
2874081.jpg,5
735477.jpg,4
2816972.jpg,1
2800540.jpg,1
2851175.jpg,2
1669012.jpg,4
2894745.jpg,3
2814956.jpg,1
2800492.jpg,5
2871817.jpg,3
2872865.jpg,3
2476850.jpg,4
2794299.jpg,5
1244729.jpg,4
2880334.jpg,1
2583796.jpg,4
946353.jpg,4
2868174.jpg,3
2848527.jpg,2
2841714.jpg,5
2823209.jpg,1
2228208.jpg,2
2836704.jpg,3
2884748.jpg,2
2829342.jpg,5
2814878.jpg,1
2808749.jpg,1
1131948.jpg,2
2367041.jpg,4
2719699.jpg,2
2902385.jpg,3
2874218.jpg,2
2808747.jpg,5
2794285.jpg,1
2827305.jpg,5
2846389.jpg,2
592464.jpg,4
2878412.jpg,2
2796331.jpg,5
2837639.jpg,1
2784298.jpg,1
2845730.jpg,5
2886428.jpg,1
2816961.jpg,1
2845824.jpg,1
2816989.jpg,5
2862129.jpg,1
2812897.jpg,1
1877790.jpg,4
2784275.jpg,1
2884346.jpg,1
2845701.jpg,1
2855134.jpg,3
2827188.jpg,5
2790285.jpg,5
2672843.jpg,4
1388647.jpg,4
2874181.jpg,5
2821065.jpg,1
2856042.jpg,1
1808859.jpg,4
2827207.jpg,1
2798503.jpg,1
2876665.jpg,3
1761497.jpg,4
2849381.jpg,3
2837521.jpg,1
2837490.jpg,5
2831400.jpg,5
2894526.jpg,1
2765432.jpg,2
2908815.jpg,3
2842248.jpg,3
697630.jpg,2
2858119.jpg,5
2839565.jpg,1
801937.jpg,4
2879438.jpg,4
2870062.jpg,1
2786239.jpg,5
2346764.jpg,4
1098764.jpg,2
2860105.jpg,1
2743443.jpg,2
2784273.jpg,1
2870054.jpg,1
2835487.jpg,1
2890359.jpg,1
2855046.jpg,3
739282.jpg,4
906470.jpg,4
2902688.jpg,1
2835375.jpg,1
2817477.jpg,4
911162.jpg,4
2804635.jpg,1
2720452.jpg,4
1793592.jpg,4
2780140.jpg,1
2810808.jpg,1
2341120.jpg,4
2839775.jpg,2
2794439.jpg,5
2872190.jpg,1
2875304.jpg,2
2874956.jpg,3
2810872.jpg,2
2767426.jpg,2
2851821.jpg,1
2901596.jpg,3
2227176.jpg,4
1636746.jpg,2
2892385.jpg,1
2900653.jpg,1
2853924.jpg,5
2839667.jpg,1
2849489.jpg,3
2835392.jpg,1
2842692.jpg,2
2877804.jpg,3
2866575.jpg,3
2088660.jpg,4
681642.jpg,4
2804752.jpg,5
2896479.jpg,1
2844913.jpg,3
2894465.jpg,1
2835395.jpg,1
2886145.jpg,2
2904710.jpg,5
2892522.jpg,2
2884408.jpg,3
2892077.jpg,3
2903016.jpg,2
2822685.jpg,2
2841697.jpg,5
1670869.jpg,4
2892443.jpg,1
2882709.jpg,3
2810911.jpg,5
2816897.jpg,5
2821020.jpg,5
2814812.jpg,5
2904718.jpg,5
2903482.jpg,2
2899230.jpg,3
2697686.jpg,4
2821162.jpg,1
2871445.jpg,3
2904639.jpg,5
2907006.jpg,3
2823627.jpg,2
2898539.jpg,5
2902699.jpg,1
2792128.jpg,4
2833453.jpg,5
2887028.jpg,2
2878300.jpg,5
2889989.jpg,3
2903448.jpg,3
2849851.jpg,1
1114377.jpg,4
2880210.jpg,1
2743440.jpg,2
2856498.jpg,3
2845826.jpg,1
2784293.jpg,1
2900527.jpg,3
2810874.jpg,1
2582899.jpg,2
2891010.jpg,3
2638483.jpg,4
2822519.jpg,2
2837512.jpg,1
2814893.jpg,5
2816911.jpg,5
2854819.jpg,3
2882449.jpg,3
2853152.jpg,2
2900650.jpg,1
658030.jpg,2
2873519.jpg,3
2858049.jpg,1
2892518.jpg,5
2841688.jpg,1
2891624.jpg,3
2900591.jpg,1
2904659.jpg,1
2802645.jpg,5
2800583.jpg,1
2875156.jpg,3
2726490.jpg,2
2823052.jpg,1
2823241.jpg,1
2892545.jpg,1
2831448.jpg,1
2903512.jpg,2
2279385.jpg,2
2854962.jpg,3
2835436.jpg,1
2640669.jpg,2
2853995.jpg,1
2780141.jpg,1
2851992.jpg,3
2806607.jpg,2
2818942.jpg,5
2688006.jpg,2
2816954.jpg,5
2145678.jpg,2
1641595.jpg,4
2810728.jpg,1
2782129.jpg,1
2902632.jpg,5
1503907.jpg,2
2732662.jpg,2
2891060.jpg,3
2856050.jpg,5
2819041.jpg,1
2808790.jpg,1
2792334.jpg,1
2806767.jpg,1
2876131.jpg,1
2857956.jpg,1
2877351.jpg,2
2825284.jpg,2
701051.jpg,4
2684726.jpg,2
2837648.jpg,1
2255448.jpg,2
2904724.jpg,5
2844047.jpg,2
2864420.jpg,2
2839579.jpg,5
2870100.jpg,1
1174624.jpg,4
2844700.jpg,3
567503.jpg,4
2833462.jpg,5
2829244.jpg,5
2835423.jpg,1
2798495.jpg,5
2862082.jpg,5
663359.jpg,4
2858016.jpg,5
1346587.jpg,2
2798385.jpg,1
2894586.jpg,1
2809760.jpg,2
2767569.jpg,2
2894530.jpg,1
2902803.jpg,2
2886369.jpg,5
2800589.jpg,1
2112208.jpg,2
2883594.jpg,2
2774108.jpg,2
2886331.jpg,5
2897217.jpg,3
2896575.jpg,5
2863079.jpg,3
1438744.jpg,2
2498096.jpg,2
2866030.jpg,1
2823132.jpg,1
2851875.jpg,1
2779530.jpg,2
2891266.jpg,3
2839592.jpg,5
1533107.jpg,4
1566090.jpg,4
2841647.jpg,1
2792291.jpg,5
2812753.jpg,1
2012989.jpg,2
2566474.jpg,2
2837591.jpg,1
2858230.jpg,2
2827319.jpg,1
2894328.jpg,3
2790302.jpg,5
2868093.jpg,3
2798403.jpg,1
2698727.jpg,4
2814817.jpg,5
2901730.jpg,3
2864030.jpg,1
2831425.jpg,5
2833400.jpg,1
2804496.jpg,2
2788309.jpg,1
2874102.jpg,5
1892834.jpg,4
2007300.jpg,4
1812187.jpg,2
1016682.jpg,4
2778113.jpg,1
2806695.jpg,1
2839570.jpg,1
2711117.jpg,2
2816964.jpg,5
2829277.jpg,1
2875610.jpg,2
2871350.jpg,3
2876805.jpg,3
2831320.jpg,1
2810873.jpg,1
2878190.jpg,5
2648109.jpg,4
2697217.jpg,2
2851801.jpg,1
2902581.jpg,5
2792413.jpg,5
2788232.jpg,1
2893621.jpg,2
643865.jpg,2
2782261.jpg,1
2845704.jpg,1
2718356.jpg,2
2460578.jpg,4
2839533.jpg,3
2884286.jpg,5
1141995.jpg,4
2902695.jpg,5
2298068.jpg,4
2890485.jpg,1
2810820.jpg,1
2904592.jpg,5
2868088.jpg,1
2800428.jpg,1
2812757.jpg,1
2713759.jpg,2
2790253.jpg,5
2841579.jpg,5
2876150.jpg,5
2479210.jpg,2
2885599.jpg,3
2798511.jpg,5
619363.jpg,4
1724978.jpg,4
2839515.jpg,5
2843711.jpg,5
2806726.jpg,5
2827268.jpg,5
2816831.jpg,5
2843779.jpg,1
2788712.jpg,2
2882371.jpg,1
2843759.jpg,1
2843607.jpg,5
2821006.jpg,1
2657518.jpg,4
2903500.jpg,2
2872087.jpg,1
2880266.jpg,1
2882107.jpg,2
2296570.jpg,4
2882711.jpg,3
2880399.jpg,2
2782127.jpg,1
2904539.jpg,2
2784277.jpg,1
2892517.jpg,5
2869463.jpg,3
2804662.jpg,1
2798435.jpg,1
2891378.jpg,2
2894462.jpg,5
2004538.jpg,2
2856497.jpg,3
2798474.jpg,1
2851932.jpg,1
2704874.jpg,2
2833458.jpg,5
2792418.jpg,5
2780212.jpg,5
2810755.jpg,1
2841144.jpg,3
2807300.jpg,2
2894472.jpg,1
2888403.jpg,5
2812901.jpg,1
1812567.jpg,2
2864150.jpg,1
2900570.jpg,5
2902224.jpg,2
2892513.jpg,1
2870029.jpg,1
2874776.jpg,3
2507786.jpg,2
2792360.jpg,1
2254933.jpg,2
2788266.jpg,5
2864084.jpg,5
2585932.jpg,2
2837732.jpg,3
2861713.jpg,3
1377584.jpg,4
2890398.jpg,1
2831384.jpg,1
2874633.jpg,3
2892420.jpg,5
1543752.jpg,2
2812918.jpg,1
2825096.jpg,1
2871737.jpg,2
2845747.jpg,1
2838490.jpg,3
2624087.jpg,2
2802664.jpg,1
2849822.jpg,1
2884796.jpg,3
2836361.jpg,3
2794282.jpg,1
2901389.jpg,3
2814833.jpg,1
2886415.jpg,1
620078.jpg,2
2882237.jpg,5
2856068.jpg,3
2845721.jpg,1
726199.jpg,4
2841589.jpg,5
2895984.jpg,3
2782224.jpg,1
2837457.jpg,5
2491314.jpg,4
2878282.jpg,1
2255689.jpg,4
2878494.jpg,2
2829357.jpg,1
2895650.jpg,3
2788197.jpg,5
2812749.jpg,5
2577804.jpg,2
2792417.jpg,1
2852407.jpg,3
2848590.jpg,3
2853959.jpg,5
2876347.jpg,3
554491.jpg,4
2884300.jpg,5
2765421.jpg,2
2217944.jpg,2
2796395.jpg,5
2788299.jpg,1
2900573.jpg,1
2071866.jpg,4
2826676.jpg,2
2881876.jpg,2
2543936.jpg,4
2556711.jpg,2
2479208.jpg,2
2860046.jpg,3
2898645.jpg,1
2882293.jpg,5
1902542.jpg,4
2821154.jpg,5
2812925.jpg,1
2897118.jpg,3
1450662.jpg,4
2849913.jpg,5
2870134.jpg,5
2856019.jpg,5
2835432.jpg,1
633192.jpg,4
2907010.jpg,3
2874047.jpg,1
2853993.jpg,1
2812363.jpg,2
2884548.jpg,2
820765.jpg,4
2883244.jpg,2
2882256.jpg,1
1817089.jpg,2
2825270.jpg,1
2831300.jpg,5
881701.jpg,2
2883247.jpg,3
2818967.jpg,5
2314293.jpg,4
930144.jpg,2
2511205.jpg,2
2835495.jpg,1
2837484.jpg,1
2857959.jpg,1
2786171.jpg,5
2864234.jpg,2
2835365.jpg,5
2848423.jpg,3
2821033.jpg,1
2852400.jpg,3
2806653.jpg,5
2639100.jpg,4
1597270.jpg,4
2874037.jpg,5
2053577.jpg,4
2810879.jpg,1
2847809.jpg,1
1188840.jpg,2
2898624.jpg,5
2847722.jpg,1
2849854.jpg,3
2636055.jpg,2
2841694.jpg,5
2841687.jpg,1
1795038.jpg,4
2847125.jpg,4
2592181.jpg,2
2782156.jpg,5
2816975.jpg,5
2782119.jpg,5
2890486.jpg,1
2893097.jpg,2
2862004.jpg,1
2860118.jpg,1
2449686.jpg,4
2833439.jpg,5
1329999.jpg,4
2827213.jpg,1
2786122.jpg,5
2847709.jpg,5
2866066.jpg,1
2835445.jpg,1
2804727.jpg,5
2866034.jpg,5
2829246.jpg,5
2823085.jpg,1
2860175.jpg,1
2867711.jpg,3
2833359.jpg,5
2889133.jpg,3
2812858.jpg,1
2843630.jpg,1
2818894.jpg,5
2841725.jpg,5
2884426.jpg,1
2829402.jpg,1
2890523.jpg,1
2040686.jpg,4
2895730.jpg,3
2860140.jpg,1
2902609.jpg,1
2868008.jpg,5
2806752.jpg,5
2823304.jpg,2
597093.jpg,4
2843622.jpg,1
2784258.jpg,5
2833370.jpg,1
2778062.jpg,1
2876173.jpg,1
2362662.jpg,4
2892400.jpg,1
2855977.jpg,5
2788287.jpg,5
1223420.jpg,4
2835543.jpg,1
2717955.jpg,2
2806655.jpg,5
2802607.jpg,1
2868089.jpg,1
2612283.jpg,2
2839640.jpg,1
2823164.jpg,1
2868069.jpg,1
2686124.jpg,4
2862135.jpg,1
2048744.jpg,4
2878191.jpg,1
2141390.jpg,4
2802029.jpg,2
2697587.jpg,2
2878982.jpg,2
2862655.jpg,3
2802533.jpg,1
2686434.jpg,4
2893282.jpg,3
2890437.jpg,5
2878226.jpg,1
2870146.jpg,1
2845705.jpg,1
2620124.jpg,4
2841730.jpg,1
2860041.jpg,5
2784248.jpg,1
2804633.jpg,5
2870039.jpg,1
2690943.jpg,4
2907007.jpg,3
2886328.jpg,1
2777256.jpg,4
2900600.jpg,5
2891617.jpg,3
2274675.jpg,4
2814940.jpg,5
2806776.jpg,1
2788313.jpg,1
2884803.jpg,2
2831405.jpg,1
2833444.jpg,1
2875305.jpg,2
2143204.jpg,2
2270295.jpg,4
2829416.jpg,1
2798423.jpg,1
2860024.jpg,1
2778078.jpg,1
2842787.jpg,3
2898510.jpg,1
2884348.jpg,1
2866368.jpg,2
1408329.jpg,4
2833443.jpg,5
2871787.jpg,3
2864021.jpg,1
2735462.jpg,2
2808691.jpg,1
2704905.jpg,2
2866009.jpg,5
2804761.jpg,1
2849131.jpg,3
2868678.jpg,3
2908878.jpg,3
2817169.jpg,2
2844752.jpg,3
2849756.jpg,1
2868146.jpg,1
2862159.jpg,1
2862083.jpg,5
2897139.jpg,3
2812905.jpg,1
2844427.jpg,3
2866159.jpg,5
1112343.jpg,4
2792317.jpg,5
2864115.jpg,3
2894440.jpg,5
2568287.jpg,4
627382.jpg,4
2833350.jpg,1
2136335.jpg,4
2796391.jpg,5
2825234.jpg,5
2866150.jpg,1
2902877.jpg,2
2903480.jpg,2
2821087.jpg,1
2852406.jpg,3
2888480.jpg,1
2332016.jpg,4
2874421.jpg,3
801921.jpg,4
1740250.jpg,2
2888430.jpg,1
2770991.jpg,2
2761494.jpg,2
2781582.jpg,2
2821166.jpg,1
2714297.jpg,4
2883237.jpg,2
2890509.jpg,2
2878253.jpg,5
2904768.jpg,2
2857704.jpg,3
1653887.jpg,4
2902674.jpg,5
734748.jpg,4
2884432.jpg,1
2837649.jpg,1
2845736.jpg,5
2794440.jpg,5
2839670.jpg,3
2893292.jpg,3
2767416.jpg,2
2796415.jpg,5
2835394.jpg,1
2769577.jpg,2
734822.jpg,4
1670187.jpg,4
2891314.jpg,3
2894475.jpg,5
2872266.jpg,2
2666176.jpg,2
2825263.jpg,1
2862086.jpg,1
2859765.jpg,2
2351477.jpg,2
2858074.jpg,1
2823057.jpg,5
2898623.jpg,5
2868488.jpg,3
2888353.jpg,5
2808741.jpg,1
2896478.jpg,1
2312484.jpg,2
2818946.jpg,5
2829288.jpg,1
1607915.jpg,4
1958284.jpg,4
2790330.jpg,1
2835362.jpg,5
2782276.jpg,1
2909480.jpg,3
2893576.jpg,3
2909451.jpg,3
2682506.jpg,4
2872171.jpg,2
2839504.jpg,1
2892487.jpg,5
1345054.jpg,4
2851911.jpg,1
2874051.jpg,1
2894437.jpg,1
2892547.jpg,5
2825104.jpg,1
2827172.jpg,5
2796414.jpg,1
2808744.jpg,5
2904605.jpg,5
1958504.jpg,4
2177161.jpg,4
2894476.jpg,5
2843632.jpg,1
2195382.jpg,4
1011813.jpg,4
299806.jpg,2
2899954.jpg,3
2809020.jpg,4
2404333.jpg,4
2806611.jpg,1
2892444.jpg,1
2841735.jpg,3
2892412.jpg,5
2864091.jpg,5
2812857.jpg,1
2860033.jpg,5
1593688.jpg,4
2817602.jpg,2
2810799.jpg,1
1106366.jpg,4
2886161.jpg,2
2802519.jpg,1
2853868.jpg,1
2863324.jpg,3
2867453.jpg,3
1490746.jpg,4
2751844.jpg,4
2846390.jpg,2
2810863.jpg,1
1318660.jpg,4
2792356.jpg,1
832621.jpg,4
2840591.jpg,2
2788189.jpg,5
2816947.jpg,5
2859196.jpg,2
2901519.jpg,3
2829297.jpg,5
2666436.jpg,2
2780676.jpg,2
2890411.jpg,1
2816854.jpg,5
2856932.jpg,3
2788794.jpg,2
2902691.jpg,1
2800502.jpg,1
676641.jpg,4
2804725.jpg,1
1884634.jpg,4
2829439.jpg,2
2780214.jpg,1
2806648.jpg,1
2833416.jpg,1
2816859.jpg,1
2786248.jpg,5
2862167.jpg,1
2897519.jpg,3
2843293.jpg,2
2717953.jpg,2
2778114.jpg,1
2770338.jpg,2
2309959.jpg,4
2841592.jpg,1
2780174.jpg,1
2869466.jpg,3
2841142.jpg,3
2880289.jpg,1
2799238.jpg,2
2835521.jpg,1
2800562.jpg,1
2864127.jpg,1
2393680.jpg,4
2833371.jpg,5
2796410.jpg,1
2844061.jpg,3
2740631.jpg,2
1403507.jpg,4
2866060.jpg,1
2798398.jpg,5
2818929.jpg,1
2064884.jpg,4
2866010.jpg,5
2889086.jpg,2
2849811.jpg,1
2889988.jpg,3
2847816.jpg,1
2882332.jpg,5
2903618.jpg,3
2835536.jpg,5
2788261.jpg,1
2864160.jpg,2
2888530.jpg,3
2789487.jpg,2
2816879.jpg,5
2831330.jpg,1
2904734.jpg,1
2184059.jpg,4
2900586.jpg,3
2876346.jpg,3
2886398.jpg,1
2839537.jpg,1
2890389.jpg,5
1419633.jpg,2
2862826.jpg,3
2782223.jpg,1
2856534.jpg,3
2825168.jpg,1
2860765.jpg,3
2804669.jpg,1
2844121.jpg,3
2511203.jpg,2
2835509.jpg,1
2893711.jpg,3
2829250.jpg,5
2865550.jpg,3
2883073.jpg,3
2890662.jpg,3
2603499.jpg,4
2881056.jpg,3
1145083.jpg,2
2898652.jpg,5
2868175.jpg,3
2784171.jpg,1
